{
  "info": {
    "comparison_page": 5,
    "comparison_id": 3,
    "start_time": "Sun Feb 24 2019 21:44:56 GMT+0900 (한국 표준시)",
    "end_time": "Sun Feb 24 2019 21:45:24 GMT+0900 (한국 표준시)",
    "consumed_time": 28.231
  },
  "selection": {
    "cell_picked": "Empty_5_Cell",
    "cell_name": "Empty_5_Cell",
    "position": {
      "x": -1.7699203491210938,
      "y": 1.6,
      "z": 0.3785972595214844
    },
    "rotation": {
      "_x": 0,
      "_y": 1.3823007675795094,
      "_z": 0,
      "_order": "XYZ"
    },
    "world_direction": {
      "x": -0.9822872507286888,
      "y": 0,
      "z": -0.18738131458572432
    }
  }
}