{"info":{"comparison_page":3,"comparison_id":5,"start_time":"Sun Feb 24 2019 21:23:57 GMT+0900 (한국 표준시)","end_time":"Sun Feb 24 2019 21:26:48 GMT+0900 (한국 표준시)","consumed_time":170.876},"selection":{"cell_picked":"cell_122_Cell","cell_name":"cell_122_Cell","position":{"x":-4,"y":1.6,"z":0.7700004577636719},"rotation":{"_x":0,"_y":-0.3141592653589794,"_z":0,"_order":"XYZ"},"world_direction":{"x":0.30901699437494756,"y":0,"z":-0.9510565162951536}}}