{"info":{"comparison_page":3,"comparison_id":2,"start_time":"Sun Feb 24 2019 21:23:57 GMT+0900 (한국 표준시)","end_time":"Sun Feb 24 2019 21:25:32 GMT+0900 (한국 표준시)","consumed_time":95.049},"selection":{"cell_picked":"furniture_14_Cell","cell_name":"furniture_14_Cell","position":{"x":-0.13289451599121094,"y":1.6,"z":3.7457332611083984},"rotation":{"_x":0,"_y":4.14690230273853,"_z":0,"_order":"XYZ"},"world_direction":{"x":0.8443279255020165,"y":0,"z":0.5358267949789943}}}