{"info":{"comparison_page":2,"comparison_id":10,"start_time":"Sun Feb 24 2019 21:20:37 GMT+0900 (한국 표준시)","end_time":"Sun Feb 24 2019 21:23:55 GMT+0900 (한국 표준시)","consumed_time":198.937},"selection":{"cell_picked":"Empty_58_Cell","cell_name":"Empty_58_Cell","position":{"x":4.979999542236328,"y":1.6,"z":1.8999996185302734},"rotation":{"_x":0,"_y":1.1309733552923256,"_z":0,"_order":"XYZ"},"world_direction":{"x":-0.9048270524660197,"y":0,"z":-0.42577929156507227}}}