{
  "info": {
    "comparison_page": 4,
    "comparison_id": 2,
    "start_time": "Sun Feb 24 2019 21:28:03 GMT+0900 (한국 표준시)",
    "end_time": "Sun Feb 24 2019 21:28:58 GMT+0900 (한국 표준시)",
    "consumed_time": 54.839
  },
  "selection": {
    "cell_picked": "Empty_188_Cell",
    "cell_name": "Empty_188_Cell",
    "position": {
      "x": -0.1397552490234375,
      "y": 1.6,
      "z": 6.4498748779296875
    },
    "rotation": {
      "_x": 0,
      "_y": 1.5079644737231013,
      "_z": 0,
      "_order": "XYZ"
    },
    "world_direction": {
      "x": -0.9980267284282717,
      "y": 0,
      "z": -0.06279051952931297
    }
  }
}