{"info":{"comparison_page":2,"comparison_id":3,"start_time":"Sun Feb 24 2019 21:20:37 GMT+0900 (한국 표준시)","end_time":"Sun Feb 24 2019 21:21:49 GMT+0900 (한국 표준시)","consumed_time":72.647},"selection":{"cell_picked":"Furniture_17_Cell","cell_name":"Furniture_17_Cell","position":{"x":4.093160272728325,"y":1.6,"z":1.0467317221885586},"rotation":{"_x":0,"_y":-0.6911503837897542,"_z":0,"_order":"XYZ"},"world_direction":{"x":0.6374239897486895,"y":0,"z":-0.7705132427757897}}}