{"info":{"comparison_page":1,"comparison_id":10,"start_time":"Sun Feb 24 2019 21:32:13 GMT+0900 (한국 표준시)","end_time":"Sun Feb 24 2019 21:35:06 GMT+0900 (한국 표준시)","consumed_time":173.497},"selection":{"cell_picked":"Empty_144_Cell","cell_name":"Empty_144_Cell","position":{"x":-2.956014633178711,"y":1.6,"z":-0.2214031219482422},"rotation":{"_x":0,"_y":-7.979645340118056,"_z":0,"_order":"XYZ"},"world_direction":{"x":0.9921147013144802,"y":0,"z":0.12533323356428594}}}