{"info":{"comparison_page":2,"comparison_id":6,"start_time":"Sun Feb 24 2019 21:38:00 GMT+0900 (한국 표준시)","end_time":"Sun Feb 24 2019 21:39:23 GMT+0900 (한국 표준시)","consumed_time":83.067},"selection":{"cell_picked":"Empty_33_Cell","cell_name":"Empty_33_Cell","position":{"x":1.3800010681152344,"y":1.6,"z":3.1000003814697266},"rotation":{"_x":0,"_y":-1.445132620651305,"_z":0,"_order":"XYZ"},"world_direction":{"x":0.9921147013144779,"y":0,"z":-0.12533323356430404}}}