{"info":{"comparison_page":1,"comparison_id":4,"start_time":"Sun Feb 24 2019 21:35:29 GMT+0900 (한국 표준시)","end_time":"Sun Feb 24 2019 21:36:43 GMT+0900 (한국 표준시)","consumed_time":74.106},"selection":{"cell_picked":"cell_25_Cell","cell_name":"cell_25_Cell","position":{"x":-1.5999984741210938,"y":1.6,"z":4.970001220703125},"rotation":{"_x":0,"_y":4.461061568097508,"_z":0,"_order":"XYZ"},"world_direction":{"x":0.9685831611286315,"y":0,"z":0.24868988716485346}}}