{"info":{"comparison_page":2,"comparison_id":7,"start_time":"Sun Feb 24 2019 21:20:37 GMT+0900 (한국 표준시)","end_time":"Sun Feb 24 2019 21:23:10 GMT+0900 (한국 표준시)","consumed_time":153.088},"selection":{"cell_picked":"Empty_48_Cell","cell_name":"Empty_48_Cell","position":{"x":3.780000686645508,"y":1.6,"z":3.1000003814697266},"rotation":{"_x":0,"_y":-0.6911503837897542,"_z":0,"_order":"XYZ"},"world_direction":{"x":0.6374239897486895,"y":0,"z":-0.7705132427757897}}}