{"info":{"comparison_page":1,"comparison_id":2,"start_time":"Sun Feb 24 2019 21:32:13 GMT+0900 (한국 표준시)","end_time":"Sun Feb 24 2019 21:32:46 GMT+0900 (한국 표준시)","consumed_time":33.412},"selection":{"cell_picked":"Empty_78_Cell","cell_name":"Empty_78_Cell","position":{"x":-1.769998550415039,"y":1.6,"z":-4.200000762939453},"rotation":{"_x":0,"_y":1.3823007675795094,"_z":0,"_order":"XYZ"},"world_direction":{"x":-0.9822872507286888,"y":0,"z":-0.18738131458572432}}}