{"info":{"comparison_page":2,"comparison_id":4,"start_time":"Sun Feb 24 2019 21:38:00 GMT+0900 (한국 표준시)","end_time":"Sun Feb 24 2019 21:38:51 GMT+0900 (한국 표준시)","consumed_time":50.501},"selection":{"cell_picked":"Empty_44_Cell","cell_name":"Empty_44_Cell","position":{"x":3.1800003051757812,"y":1.6,"z":3.6987247467041016},"rotation":{"_x":0,"_y":0.7539822368615503,"_z":0,"_order":"XYZ"},"world_direction":{"x":-0.6845471059286886,"y":0,"z":-0.7289686274214117}}}