{
  "info": {
    "comparison_page": 4,
    "comparison_id": 1,
    "start_time": "Sun Feb 24 2019 21:42:29 GMT+0900 (한국 표준시)",
    "end_time": "Sun Feb 24 2019 21:42:50 GMT+0900 (한국 표준시)",
    "consumed_time": 21.503
  },
  "selection": {
    "cell_picked": "Furniture_25_Cell",
    "cell_name": "Furniture_25_Cell",
    "position": {
      "x": 10.558767318725586,
      "y": 1.6,
      "z": 0.35332489013671875
    },
    "rotation": {
      "_x": 0,
      "_y": 0.8796459430051419,
      "_z": 0,
      "_order": "XYZ"
    },
    "world_direction": {
      "x": -0.7705132427757891,
      "y": 0,
      "z": -0.63742398974869
    }
  }
}