{"info":{"comparison_page":1,"comparison_id":6,"start_time":"Sun Feb 24 2019 21:35:29 GMT+0900 (한국 표준시)","end_time":"Sun Feb 24 2019 21:37:06 GMT+0900 (한국 표준시)","consumed_time":97.801},"selection":{"cell_picked":"cell_44_Cell","cell_name":"cell_44_Cell","position":{"x":-4,"y":1.6,"z":3.770000457763672},"rotation":{"_x":0,"_y":2.4504422698000403,"_z":0,"_order":"XYZ"},"world_direction":{"x":-0.6374239897486885,"y":0,"z":0.7705132427757903}}}