{"info":{"comparison_page":3,"comparison_id":10,"start_time":"Sun Feb 24 2019 21:40:19 GMT+0900 (한국 표준시)","end_time":"Sun Feb 24 2019 21:42:27 GMT+0900 (한국 표준시)","consumed_time":128.187},"selection":{"cell_picked":"cell_73_Cell","cell_name":"cell_73_Cell","position":{"x":-5.799999237060547,"y":1.6,"z":4.970001220703125},"rotation":{"_x":0,"_y":-7.1628312501847144,"_z":0,"_order":"XYZ"},"world_direction":{"x":0.7705132427757801,"y":0,"z":-0.6374239897487005}}}