{
  "info": {
    "comparison_page": 4,
    "comparison_id": 6,
    "start_time": "Sun Feb 24 2019 21:42:29 GMT+0900 (한국 표준시)",
    "end_time": "Sun Feb 24 2019 21:43:50 GMT+0900 (한국 표준시)",
    "consumed_time": 80.909
  },
  "selection": {
    "cell_picked": "Empty_121_Cell",
    "cell_name": "Empty_121_Cell",
    "position": {
      "x": 7.586071014404297,
      "y": 1.6,
      "z": 2.9506092071533203
    },
    "rotation": {
      "_x": 0,
      "_y": 6.094689747964191,
      "_z": 0,
      "_order": "XYZ"
    },
    "world_direction": {
      "x": 0.18738131458573257,
      "y": 0,
      "z": -0.982287250728687
    }
  }
}