{"info":{"comparison_page":1,"comparison_id":9,"start_time":"Sun Feb 24 2019 21:35:29 GMT+0900 (한국 표준시)","end_time":"Sun Feb 24 2019 21:37:39 GMT+0900 (한국 표준시)","consumed_time":130.73},"selection":{"cell_picked":"cell_35_Cell","cell_name":"cell_35_Cell","position":{"x":-2.799999237060547,"y":1.6,"z":4.370000839233398},"rotation":{"_x":0,"_y":2.701769682087224,"_z":0,"_order":"XYZ"},"world_direction":{"x":-0.42577929156507094,"y":0,"z":0.9048270524660204}}}