{"info":{"comparison_page":1,"comparison_id":2,"start_time":"Sun Feb 24 2019 21:35:29 GMT+0900 (한국 표준시)","end_time":"Sun Feb 24 2019 21:36:10 GMT+0900 (한국 표준시)","consumed_time":41.715},"selection":{"cell_picked":"cell_39_Cell","cell_name":"cell_39_Cell","position":{"x":-3.3999996185302734,"y":1.6,"z":3.770000457763672},"rotation":{"_x":0,"_y":3.7070793312359593,"_z":0,"_order":"XYZ"},"world_direction":{"x":0.5358267949789994,"y":0,"z":0.8443279255020133}}}