{"info":{"comparison_page":1,"comparison_id":8,"start_time":"Sun Feb 24 2019 21:32:13 GMT+0900 (한국 표준시)","end_time":"Sun Feb 24 2019 21:34:30 GMT+0900 (한국 표준시)","consumed_time":136.992},"selection":{"cell_picked":"Empty_141_Cell","cell_name":"Empty_141_Cell","position":{"x":-2.956014633178711,"y":1.6,"z":-1.3131580352783203},"rotation":{"_x":0,"_y":-2.76460153515902,"_z":0,"_order":"XYZ"},"world_direction":{"x":0.3681245526846761,"y":0,"z":0.9297764858882523}}}