{
  "info": {
    "comparison_page": 4,
    "comparison_id": 1,
    "start_time": "Sun Feb 24 2019 21:28:03 GMT+0900 (한국 표준시)",
    "end_time": "Sun Feb 24 2019 21:28:43 GMT+0900 (한국 표준시)",
    "consumed_time": 39.238
  },
  "selection": {
    "cell_picked": "Furniture_25_Cell",
    "cell_name": "Furniture_25_Cell",
    "position": {
      "x": 10.558767318725586,
      "y": 1.6,
      "z": 0.35332489013671875
    },
    "rotation": {
      "_x": 0,
      "_y": 0.7539822368615502,
      "_z": 0,
      "_order": "XYZ"
    },
    "world_direction": {
      "x": -0.6845471059286885,
      "y": 0,
      "z": -0.7289686274214118
    }
  }
}