{"info":{"comparison_page":1,"comparison_id":7,"start_time":"Sun Feb 24 2019 21:44:56 GMT+0900 (한국 표준시)","end_time":"Sun Feb 24 2019 21:46:25 GMT+0900 (한국 표준시)","consumed_time":88.979},"selection":{"cell_picked":"Empty_86_Cell","cell_name":"Empty_86_Cell","position":{"x":-0.5699996948242188,"y":1.6,"z":-4.200000762939453},"rotation":{"_x":0,"_y":1.633628179866693,"_z":0,"_order":"XYZ"},"world_direction":{"x":-0.9980267284282717,"y":0,"z":0.06279051952931425}}}