{
  "info": {
    "comparison_page": 5,
    "comparison_id": 5,
    "start_time": "Sun Feb 24 2019 21:32:13 GMT+0900 (한국 표준시)",
    "end_time": "Sun Feb 24 2019 21:33:45 GMT+0900 (한국 표준시)",
    "consumed_time": 92.12
  },
  "selection": {
    "cell_picked": "Empty_26_Cell",
    "cell_name": "Empty_26_Cell",
    "position": {
      "x": -0.5699214935302734,
      "y": 1.6,
      "z": -2.6214027404785156
    },
    "rotation": {
      "_x": 0,
      "_y": -1.633628179866693,
      "_z": 0,
      "_order": "XYZ"
    },
    "world_direction": {
      "x": 0.9980267284282717,
      "y": 0,
      "z": 0.06279051952931425
    }
  }
}