{"info":{"comparison_page":1,"comparison_id":8,"start_time":"Sun Feb 24 2019 21:35:29 GMT+0900 (한국 표준시)","end_time":"Sun Feb 24 2019 21:37:26 GMT+0900 (한국 표준시)","consumed_time":117.511},"selection":{"cell_picked":"furniture_0_Cell","cell_name":"furniture_0_Cell","position":{"x":-4.121980667114258,"y":1.6,"z":2.6082305908203125},"rotation":{"_x":0,"_y":1.0053096491487334,"_z":0,"_order":"XYZ"},"world_direction":{"x":-0.8443279255020149,"y":0,"z":-0.535826794978997}}}