{"info":{"comparison_page":3,"comparison_id":4,"start_time":"Sun Feb 24 2019 21:40:19 GMT+0900 (한국 표준시)","end_time":"Sun Feb 24 2019 21:41:22 GMT+0900 (한국 표준시)","consumed_time":62.768},"selection":{"cell_picked":"cell_116_Cell","cell_name":"cell_116_Cell","position":{"x":-1.585550308227539,"y":1.6,"z":1.3700008392333984},"rotation":{"_x":0,"_y":1.445132620651305,"_z":0,"_order":"XYZ"},"world_direction":{"x":-0.9921147013144779,"y":0,"z":-0.12533323356430404}}}