{"info":{"comparison_page":3,"comparison_id":9,"start_time":"Sun Feb 24 2019 21:40:19 GMT+0900 (한국 표준시)","end_time":"Sun Feb 24 2019 21:42:18 GMT+0900 (한국 표준시)","consumed_time":118.712},"selection":{"cell_picked":"cell_28_Cell","cell_name":"cell_28_Cell","position":{"x":-2.1999988555908203,"y":1.6,"z":3.170001983642578},"rotation":{"_x":0,"_y":-5.215043804959054,"_z":0,"_order":"XYZ"},"world_direction":{"x":-0.876306680043865,"y":0,"z":-0.48175367410171244}}}