{"info":{"comparison_page":1,"comparison_id":4,"start_time":"Sun Feb 24 2019 21:28:03 GMT+0900 (한국 표준시)","end_time":"Sun Feb 24 2019 21:29:42 GMT+0900 (한국 표준시)","consumed_time":98.491},"selection":{"cell_picked":"Empty_233_Cell","cell_name":"Empty_233_Cell","position":{"x":-2.6399048227867468,"y":1.6,"z":3.314170580886775},"rotation":{"_x":0,"_y":3.3300882128051836,"_z":0,"_order":"XYZ"},"world_direction":{"x":0.18738131458572738,"y":0,"z":0.9822872507286879}}}