{"info":{"comparison_page":1,"comparison_id":3,"start_time":"Sun Feb 24 2019 21:35:29 GMT+0900 (한국 표준시)","end_time":"Sun Feb 24 2019 21:36:23 GMT+0900 (한국 표준시)","consumed_time":54.484},"selection":{"cell_picked":"cell_102_Cell","cell_name":"cell_102_Cell","position":{"x":0.8369331359863281,"y":1.6,"z":4.459953308105469},"rotation":{"_x":0,"_y":1.696460032938489,"_z":0,"_order":"XYZ"},"world_direction":{"x":-0.9921147013144778,"y":0,"z":0.1253332335643047}}}