{
  "info": {
    "comparison_page": 5,
    "comparison_id": 3,
    "start_time": "Sun Feb 24 2019 21:32:13 GMT+0900 (한국 표준시)",
    "end_time": "Sun Feb 24 2019 21:32:51 GMT+0900 (한국 표준시)",
    "consumed_time": 38.486
  },
  "selection": {
    "cell_picked": "Empty_1_Cell",
    "cell_name": "Empty_1_Cell",
    "position": {
      "x": -2.3699207305908203,
      "y": 1.6,
      "z": 0.3785972595214844
    },
    "rotation": {
      "_x": 0,
      "_y": 1.3823007675795094,
      "_z": 0,
      "_order": "XYZ"
    },
    "world_direction": {
      "x": -0.9822872507286888,
      "y": 0,
      "z": -0.18738131458572432
    }
  }
}