{"info":{"comparison_page":3,"comparison_id":6,"start_time":"Sun Feb 24 2019 21:40:19 GMT+0900 (한국 표준시)","end_time":"Sun Feb 24 2019 21:41:43 GMT+0900 (한국 표준시)","consumed_time":83.744},"selection":{"cell_picked":"cell_92_Cell","cell_name":"cell_92_Cell","position":{"x":-1.5401496887207031,"y":1.6,"z":6.170001983642578},"rotation":{"_x":0,"_y":-0.3141592653589794,"_z":0,"_order":"XYZ"},"world_direction":{"x":0.30901699437494756,"y":0,"z":-0.9510565162951536}}}