{"info":{"comparison_page":3,"comparison_id":10,"start_time":"Sun Feb 24 2019 21:23:57 GMT+0900 (한국 표준시)","end_time":"Sun Feb 24 2019 21:28:02 GMT+0900 (한국 표준시)","consumed_time":245.136},"selection":{"cell_picked":"cell_73_Cell","cell_name":"cell_73_Cell","position":{"x":-5.799999237060547,"y":1.6,"z":4.970001220703125},"rotation":{"_x":0,"_y":-0.8168140899333461,"_z":0,"_order":"XYZ"},"world_direction":{"x":0.7289686274214116,"y":0,"z":-0.6845471059286887}}}