{"info":{"comparison_page":1,"comparison_id":3,"start_time":"Sun Feb 24 2019 21:13:51 GMT+0900 (한국 표준시)","end_time":"Sun Feb 24 2019 21:18:13 GMT+0900 (한국 표준시)","consumed_time":262.554},"selection":{"cell_picked":"cell_2_Cell","cell_name":"cell_2_Cell","position":{"x":0.20000076293945312,"y":1.6,"z":0.7700004577636719},"rotation":{"_x":0,"_y":-4.084070449666735,"_z":0,"_order":"XYZ"},"world_direction":{"x":-0.8090169943749494,"y":0,"z":0.5877852522924707}}}