{"info":{"comparison_page":3,"comparison_id":3,"start_time":"Sun Feb 24 2019 21:23:57 GMT+0900 (한국 표준시)","end_time":"Sun Feb 24 2019 21:25:53 GMT+0900 (한국 표준시)","consumed_time":115.61},"selection":{"cell_picked":"cell_68_Cell","cell_name":"cell_68_Cell","position":{"x":-5.799999237060547,"y":1.6,"z":1.970001220703125},"rotation":{"_x":0,"_y":1.0053096491487334,"_z":0,"_order":"XYZ"},"world_direction":{"x":-0.8443279255020149,"y":0,"z":-0.535826794978997}}}