{"info":{"comparison_page":1,"comparison_id":2,"start_time":"Sun Feb 24 2019 21:13:51 GMT+0900 (한국 표준시)","end_time":"Sun Feb 24 2019 21:17:15 GMT+0900 (한국 표준시)","consumed_time":204.394},"selection":{"cell_picked":"cell_44_Cell","cell_name":"cell_44_Cell","position":{"x":-3.9968604740235345,"y":1.6,"z":3.7200991213422583},"rotation":{"_x":0,"_y":4.209734155810326,"_z":0,"_order":"XYZ"},"world_direction":{"x":0.8763066800438648,"y":0,"z":0.481753674101713}}}