{"info":{"comparison_page":1,"comparison_id":6,"start_time":"Sun Feb 24 2019 21:32:13 GMT+0900 (한국 표준시)","end_time":"Sun Feb 24 2019 21:34:00 GMT+0900 (한국 표준시)","consumed_time":107.53},"selection":{"cell_picked":"Empty_86_Cell","cell_name":"Empty_86_Cell","position":{"x":-0.5699996948242188,"y":1.6,"z":-4.200000762939453},"rotation":{"_x":0,"_y":-4.523893421169303,"_z":0,"_order":"XYZ"},"world_direction":{"x":-0.9822872507286888,"y":0,"z":0.1873813145857237}}}