{"info":{"comparison_page":1,"comparison_id":9,"start_time":"Sun Feb 24 2019 21:42:29 GMT+0900 (한국 표준시)","end_time":"Sun Feb 24 2019 21:44:38 GMT+0900 (한국 표준시)","consumed_time":129.37},"selection":{"cell_picked":"Empty_112_Cell","cell_name":"Empty_112_Cell","position":{"x":8.786069869995117,"y":1.6,"z":4.750608444213867},"rotation":{"_x":0,"_y":1.0681415022205294,"_z":0,"_order":"XYZ"},"world_direction":{"x":-0.8763066800438636,"y":0,"z":-0.4817536741017152}}}