{
  "info": {
    "comparison_page": 5,
    "comparison_id": 9,
    "start_time": "Sun Feb 24 2019 21:44:56 GMT+0900 (한국 표준시)",
    "end_time": "Sun Feb 24 2019 21:46:52 GMT+0900 (한국 표준시)",
    "consumed_time": 116.111
  },
  "selection": {
    "cell_picked": "Empty_113_Cell",
    "cell_name": "Empty_113_Cell",
    "position": {
      "x": 2.5501880645751953,
      "y": 1.6,
      "z": 4.819997787475586
    },
    "rotation": {
      "_x": 0,
      "_y": -3.078760800518,
      "_z": 0,
      "_order": "XYZ"
    },
    "world_direction": {
      "x": 0.06279051952931092,
      "y": 0,
      "z": 0.9980267284282718
    }
  }
}