{"info":{"comparison_page":1,"comparison_id":4,"start_time":"Sun Feb 24 2019 21:13:51 GMT+0900 (한국 표준시)","end_time":"Sun Feb 24 2019 21:18:28 GMT+0900 (한국 표준시)","consumed_time":277.522},"selection":{"cell_picked":"cell_6_Cell","cell_name":"cell_6_Cell","position":{"x":0.20000076293945312,"y":1.6,"z":5.570001602172852},"rotation":{"_x":0,"_y":-5.906194188748804,"_z":0,"_order":"XYZ"},"world_direction":{"x":-0.3681245526846845,"y":0,"z":-0.9297764858882489}}}