{"info":{"comparison_page":1,"comparison_id":1,"start_time":"Sun Feb 24 2019 21:35:29 GMT+0900 (한국 표준시)","end_time":"Sun Feb 24 2019 21:35:59 GMT+0900 (한국 표준시)","consumed_time":30.296},"selection":{"cell_picked":"cell_34_Cell","cell_name":"cell_34_Cell","position":{"x":-2.799999237060547,"y":1.6,"z":3.770000457763672},"rotation":{"_x":0,"_y":1.507964473723101,"_z":0,"_order":"XYZ"},"world_direction":{"x":-0.9980267284282716,"y":0,"z":-0.06279051952931314}}}