{"info":{"comparison_page":1,"comparison_id":9,"start_time":"Sun Feb 24 2019 21:13:51 GMT+0900 (한국 표준시)","end_time":"Sun Feb 24 2019 21:20:23 GMT+0900 (한국 표준시)","consumed_time":391.928},"selection":{"cell_picked":"furniture_7_Cell","cell_name":"furniture_7_Cell","position":{"x":-2.7398944604727022,"y":1.6,"z":5.026015949713081},"rotation":{"_x":0,"_y":3.015928947446204,"_z":0,"_order":"XYZ"},"world_direction":{"x":-0.1253332335643019,"y":0,"z":0.9921147013144782}}}