{"info":{"comparison_page":2,"comparison_id":2,"start_time":"Sun Feb 24 2019 21:38:00 GMT+0900 (한국 표준시)","end_time":"Sun Feb 24 2019 21:38:32 GMT+0900 (한국 표준시)","consumed_time":31.65},"selection":{"cell_picked":"Empty_108_Cell","cell_name":"Empty_108_Cell","position":{"x":3.780000686645508,"y":1.6,"z":2.5},"rotation":{"_x":0,"_y":-0.1884955592153875,"_z":0,"_order":"XYZ"},"world_direction":{"x":0.1873813145857245,"y":0,"z":-0.9822872507286886}}}