{"info":{"comparison_page":1,"comparison_id":6,"start_time":"Sun Feb 24 2019 21:13:51 GMT+0900 (한국 표준시)","end_time":"Sun Feb 24 2019 21:19:15 GMT+0900 (한국 표준시)","consumed_time":323.667},"selection":{"cell_picked":"cell_38_Cell","cell_name":"cell_38_Cell","position":{"x":-3.3999996185302734,"y":1.6,"z":3.170001983642578},"rotation":{"_x":0,"_y":2.2619467105846525,"_z":0,"_order":"XYZ"},"world_direction":{"x":-0.7705132427757886,"y":0,"z":0.6374239897486906}}}