{"info":{"comparison_page":1,"comparison_id":4,"start_time":"Sun Feb 24 2019 21:44:56 GMT+0900 (한국 표준시)","end_time":"Sun Feb 24 2019 21:45:51 GMT+0900 (한국 표준시)","consumed_time":54.461},"selection":{"cell_picked":"Empty_108_Cell","cell_name":"Empty_108_Cell","position":{"x":0.7501888275146484,"y":1.6,"z":4.214998245239258},"rotation":{"_x":0,"_y":3.3300882128051836,"_z":0,"_order":"XYZ"},"world_direction":{"x":0.18738131458572738,"y":0,"z":0.9822872507286879}}}