{"info":{"comparison_page":2,"comparison_id":6,"start_time":"Sun Feb 24 2019 21:20:37 GMT+0900 (한국 표준시)","end_time":"Sun Feb 24 2019 21:22:59 GMT+0900 (한국 표준시)","consumed_time":142.021},"selection":{"cell_picked":"Empty_41_Cell","cell_name":"Empty_41_Cell","position":{"x":1.9799995422363281,"y":1.6,"z":1.8999996185302734},"rotation":{"_x":0,"_y":-1.633628179866693,"_z":0,"_order":"XYZ"},"world_direction":{"x":0.9980267284282717,"y":0,"z":0.06279051952931425}}}