{"info":{"comparison_page":1,"comparison_id":5,"start_time":"Sun Feb 24 2019 21:28:03 GMT+0900 (한국 표준시)","end_time":"Sun Feb 24 2019 21:29:51 GMT+0900 (한국 표준시)","consumed_time":107.443},"selection":{"cell_picked":"Empty_281_Cell","cell_name":"Empty_281_Cell","position":{"x":-2.489999771118164,"y":1.6,"z":-0.2999992370605469},"rotation":{"_x":0,"_y":4.586725274241099,"_z":0,"_order":"XYZ"},"world_direction":{"x":0.9921147013144779,"y":0,"z":0.12533323356430381}}}