{
  "info": {
    "comparison_page": 4,
    "comparison_id": 10,
    "start_time": "Sun Feb 24 2019 21:42:29 GMT+0900 (한국 표준시)",
    "end_time": "Sun Feb 24 2019 21:44:55 GMT+0900 (한국 표준시)",
    "consumed_time": 146.227
  },
  "selection": {
    "cell_picked": "Empty_167_Cell",
    "cell_name": "Empty_167_Cell",
    "position": {
      "x": 4.900752533636846,
      "y": 1.6,
      "z": 0.4579044903105631
    },
    "rotation": {
      "_x": 0,
      "_y": 4.586725274241099,
      "_z": 0,
      "_order": "XYZ"
    },
    "world_direction": {
      "x": 0.9921147013144779,
      "y": 0,
      "z": 0.12533323356430381
    }
  }
}