{"info":{"comparison_page":3,"comparison_id":1,"start_time":"Sun Feb 24 2019 21:23:57 GMT+0900 (한국 표준시)","end_time":"Sun Feb 24 2019 21:25:08 GMT+0900 (한국 표준시)","consumed_time":70.981},"selection":{"cell_picked":"furniture_14_Cell","cell_name":"furniture_14_Cell","position":{"x":-0.13289451599121094,"y":1.6,"z":3.7457332611083984},"rotation":{"_x":0,"_y":3.015928947446204,"_z":0,"_order":"XYZ"},"world_direction":{"x":-0.1253332335643019,"y":0,"z":0.9921147013144782}}}