{"info":{"comparison_page":1,"comparison_id":10,"start_time":"Sun Feb 24 2019 21:13:51 GMT+0900 (한국 표준시)","end_time":"Sun Feb 24 2019 21:20:35 GMT+0900 (한국 표준시)","consumed_time":403.725},"selection":{"cell_picked":"furniture_14_Cell","cell_name":"furniture_14_Cell","position":{"x":-0.13289451599121094,"y":1.6,"z":3.7457332611083984},"rotation":{"_x":0,"_y":1.507964473723101,"_z":0,"_order":"XYZ"},"world_direction":{"x":-0.9980267284282716,"y":0,"z":-0.06279051952931314}}}