{"info":{"comparison_page":2,"comparison_id":9,"start_time":"Sun Feb 24 2019 21:20:37 GMT+0900 (한국 표준시)","end_time":"Sun Feb 24 2019 21:23:44 GMT+0900 (한국 표준시)","consumed_time":187.031},"selection":{"cell_picked":"Empty_20_Cell","cell_name":"Empty_20_Cell","position":{"x":0.18000030517578125,"y":1.6,"z":1.2999992370605469},"rotation":{"_x":0,"_y":-0.6283185307179584,"_z":0,"_order":"XYZ"},"world_direction":{"x":0.5877852522924729,"y":0,"z":-0.8090169943749477}}}