{"info":{"comparison_page":3,"comparison_id":4,"start_time":"Sun Feb 24 2019 21:23:57 GMT+0900 (한국 표준시)","end_time":"Sun Feb 24 2019 21:26:09 GMT+0900 (한국 표준시)","consumed_time":131.879},"selection":{"cell_picked":"cell_39_Cell","cell_name":"cell_39_Cell","position":{"x":-3.3999996185302734,"y":1.6,"z":3.770000457763672},"rotation":{"_x":0,"_y":-1.1102230246251565e-16,"_z":0,"_order":"XYZ"},"world_direction":{"x":1.1102230246251565e-16,"y":0,"z":-1}}}