{"info":{"comparison_page":2,"comparison_id":8,"start_time":"Sun Feb 24 2019 21:20:37 GMT+0900 (한국 표준시)","end_time":"Sun Feb 24 2019 21:23:24 GMT+0900 (한국 표준시)","consumed_time":167.48},"selection":{"cell_picked":"Empty_120_Cell","cell_name":"Empty_120_Cell","position":{"x":5.331062316894531,"y":1.6,"z":0.10000038146972656},"rotation":{"_x":0,"_y":1.822123739082081,"_z":0,"_order":"XYZ"},"world_direction":{"x":-0.9685831611286311,"y":0,"z":0.2486898871648558}}}