{"info":{"comparison_page":3,"comparison_id":6,"start_time":"Sun Feb 24 2019 21:23:57 GMT+0900 (한국 표준시)","end_time":"Sun Feb 24 2019 21:27:04 GMT+0900 (한국 표준시)","consumed_time":187.223},"selection":{"cell_picked":"cell_93_Cell","cell_name":"cell_93_Cell","position":{"x":-1.5999984741210938,"y":1.6,"z":5.570001602172852},"rotation":{"_x":0,"_y":-0.6911503837897545,"_z":0,"_order":"XYZ"},"world_direction":{"x":0.6374239897486899,"y":0,"z":-0.7705132427757896}}}