{"info":{"comparison_page":2,"comparison_id":5,"start_time":"Sun Feb 24 2019 21:38:00 GMT+0900 (한국 표준시)","end_time":"Sun Feb 24 2019 21:39:09 GMT+0900 (한국 표준시)","consumed_time":69.406},"selection":{"cell_picked":"Empty_40_Cell","cell_name":"Empty_40_Cell","position":{"x":1.9799995422363281,"y":1.6,"z":2.5},"rotation":{"_x":0,"_y":1.6964600329384891,"_z":0,"_order":"XYZ"},"world_direction":{"x":-0.9921147013144778,"y":0,"z":0.1253332335643053}}}