{
  "info": {
    "comparison_page": 4,
    "comparison_id": 6,
    "start_time": "Sun Feb 24 2019 21:28:03 GMT+0900 (한국 표준시)",
    "end_time": "Sun Feb 24 2019 21:30:01 GMT+0900 (한국 표준시)",
    "consumed_time": 117.338
  },
  "selection": {
    "cell_picked": "Empty_133_Cell",
    "cell_name": "Empty_133_Cell",
    "position": {
      "x": 6.98607063293457,
      "y": 1.6,
      "z": 2.9506092071533203
    },
    "rotation": {
      "_x": 0,
      "_y": 5.9690260418206,
      "_z": 0,
      "_order": "XYZ"
    },
    "world_direction": {
      "x": 0.30901699437495433,
      "y": 0,
      "z": -0.9510565162951513
    }
  }
}