{"info":{"comparison_page":1,"comparison_id":9,"start_time":"Sun Feb 24 2019 21:28:03 GMT+0900 (한국 표준시)","end_time":"Sun Feb 24 2019 21:31:47 GMT+0900 (한국 표준시)","consumed_time":223.237},"selection":{"cell_picked":"Empty_108_Cell","cell_name":"Empty_108_Cell","position":{"x":9.386070251464844,"y":1.6,"z":4.750608444213867},"rotation":{"_x":0,"_y":1.3194689145077132,"_z":0,"_order":"XYZ"},"world_direction":{"x":-0.9685831611286312,"y":0,"z":-0.24868988716485485}}}