{"info":{"comparison_page":2,"comparison_id":10,"start_time":"Sun Feb 24 2019 21:38:00 GMT+0900 (한국 표준시)","end_time":"Sun Feb 24 2019 21:40:18 GMT+0900 (한국 표준시)","consumed_time":137.919},"selection":{"cell_picked":"Empty_61_Cell","cell_name":"Empty_61_Cell","position":{"x":4.979999542236328,"y":1.6,"z":0.10000038146972656},"rotation":{"_x":0,"_y":-4.71238898038469,"_z":0,"_order":"XYZ"},"world_direction":{"x":-1,"y":0,"z":2.220446049250313e-16}}}