{"info":{"comparison_page":3,"comparison_id":9,"start_time":"Sun Feb 24 2019 21:23:57 GMT+0900 (한국 표준시)","end_time":"Sun Feb 24 2019 21:27:48 GMT+0900 (한국 표준시)","consumed_time":231.398},"selection":{"cell_picked":"cell_108_Cell","cell_name":"cell_108_Cell","position":{"x":-1.5999984741210938,"y":1.6,"z":3.170001983642578},"rotation":{"_x":0,"_y":1.0053096491487334,"_z":0,"_order":"XYZ"},"world_direction":{"x":-0.8443279255020149,"y":0,"z":-0.535826794978997}}}