{"info":{"comparison_page":3,"comparison_id":7,"start_time":"Sun Feb 24 2019 21:40:19 GMT+0900 (한국 표준시)","end_time":"Sun Feb 24 2019 21:41:58 GMT+0900 (한국 표준시)","consumed_time":98.513},"selection":{"cell_picked":"furniture_14_Cell","cell_name":"furniture_14_Cell","position":{"x":-0.13289451599121094,"y":1.6,"z":3.7457332611083984},"rotation":{"_x":0,"_y":-3.141592653589796,"_z":0,"_order":"XYZ"},"world_direction":{"x":-2.5420705791856405e-15,"y":0,"z":1}}}