{
  "info": {
    "comparison_page": 4,
    "comparison_id": 10,
    "start_time": "Sun Feb 24 2019 21:28:03 GMT+0900 (한국 표준시)",
    "end_time": "Sun Feb 24 2019 21:32:11 GMT+0900 (한국 표준시)",
    "consumed_time": 248.013
  },
  "selection": {
    "cell_picked": "Empty_167_Cell",
    "cell_name": "Empty_167_Cell",
    "position": {
      "x": 5.186069488525391,
      "y": 1.6,
      "z": 0.5506095886230469
    },
    "rotation": {
      "_x": 0,
      "_y": 4.649557127312894,
      "_z": 0,
      "_order": "XYZ"
    },
    "world_direction": {
      "x": 0.9980267284282719,
      "y": 0,
      "z": 0.0627905195293132
    }
  }
}