{
  "info": {
    "comparison_page": 5,
    "comparison_id": 1,
    "start_time": "Sun Feb 24 2019 21:32:13 GMT+0900 (한국 표준시)",
    "end_time": "Sun Feb 24 2019 21:32:34 GMT+0900 (한국 표준시)",
    "consumed_time": 21.523
  },
  "selection": {
    "cell_picked": "Empty_76_Cell",
    "cell_name": "Empty_76_Cell",
    "position": {
      "x": 2.5600013732910156,
      "y": 1.6,
      "z": 2.910001754760742
    },
    "rotation": {
      "_x": 0,
      "_y": 1.3823007675795094,
      "_z": 0,
      "_order": "XYZ"
    },
    "world_direction": {
      "x": -0.9822872507286888,
      "y": 0,
      "z": -0.18738131458572432
    }
  }
}