{
  "info": {
    "comparison_page": 4,
    "comparison_id": 2,
    "start_time": "Sun Feb 24 2019 21:42:29 GMT+0900 (한국 표준시)",
    "end_time": "Sun Feb 24 2019 21:43:00 GMT+0900 (한국 표준시)",
    "consumed_time": 30.968
  },
  "selection": {
    "cell_picked": "Empty_184_Cell",
    "cell_name": "Empty_184_Cell",
    "position": {
      "x": 0.9625320434570312,
      "y": 1.6,
      "z": 6.4498748779296875
    },
    "rotation": {
      "_x": 0,
      "_y": 1.5707963267948972,
      "_z": 0,
      "_order": "XYZ"
    },
    "world_direction": {
      "x": -1,
      "y": 0,
      "z": 4.440892098500626e-16
    }
  }
}