{"info":{"comparison_page":3,"comparison_id":2,"start_time":"Sun Feb 24 2019 21:40:19 GMT+0900 (한국 표준시)","end_time":"Sun Feb 24 2019 21:41:05 GMT+0900 (한국 표준시)","consumed_time":46.128},"selection":{"cell_picked":"furniture_14_Cell","cell_name":"furniture_14_Cell","position":{"x":0.41710548400878905,"y":1.6,"z":3.7457332611083984},"rotation":{"_x":0,"_y":1.445132620651305,"_z":0,"_order":"XYZ"},"world_direction":{"x":-0.9921147013144779,"y":0,"z":-0.12533323356430404}}}