{"info":{"comparison_page":1,"comparison_id":8,"start_time":"Sun Feb 24 2019 21:44:56 GMT+0900 (한국 표준시)","end_time":"Sun Feb 24 2019 21:46:39 GMT+0900 (한국 표준시)","consumed_time":103.209},"selection":{"cell_picked":"Furniture_9_Cell","cell_name":"Furniture_9_Cell","position":{"x":-3.418322578844185,"y":1.6,"z":0.7610516533706979},"rotation":{"_x":0,"_y":-0.879645943005142,"_z":0,"_order":"XYZ"},"world_direction":{"x":0.7705132427757891,"y":0,"z":-0.63742398974869}}}