{"info":{"comparison_page":2,"comparison_id":9,"start_time":"Sun Feb 24 2019 21:38:00 GMT+0900 (한국 표준시)","end_time":"Sun Feb 24 2019 21:40:07 GMT+0900 (한국 표준시)","consumed_time":126.877},"selection":{"cell_picked":"Empty_37_Cell","cell_name":"Empty_37_Cell","position":{"x":1.3800010681152344,"y":1.6,"z":0.7000007629394531},"rotation":{"_x":0,"_y":-7.1628312501847144,"_z":0,"_order":"XYZ"},"world_direction":{"x":0.7705132427757801,"y":0,"z":-0.6374239897487005}}}