{
  "info": {
    "comparison_page": 5,
    "comparison_id": 4,
    "start_time": "Sun Feb 24 2019 21:32:13 GMT+0900 (한국 표준시)",
    "end_time": "Sun Feb 24 2019 21:33:38 GMT+0900 (한국 표준시)",
    "consumed_time": 85.435
  },
  "selection": {
    "cell_picked": "Empty_26_Cell",
    "cell_name": "Empty_26_Cell",
    "position": {
      "x": -0.5699214935302734,
      "y": 1.6,
      "z": -2.6214027404785156
    },
    "rotation": {
      "_x": 0,
      "_y": -1.9477874452256727,
      "_z": 0,
      "_order": "XYZ"
    },
    "world_direction": {
      "x": 0.9297764858882511,
      "y": 0,
      "z": 0.36812455268467875
    }
  }
}