{"info":{"comparison_page":2,"comparison_id":7,"start_time":"Sun Feb 24 2019 21:38:00 GMT+0900 (한국 표준시)","end_time":"Sun Feb 24 2019 21:39:37 GMT+0900 (한국 표준시)","consumed_time":96.979},"selection":{"cell_picked":"Empty_103_Cell","cell_name":"Empty_103_Cell","position":{"x":2.5799999237060547,"y":1.6,"z":3.1000003814697266},"rotation":{"_x":0,"_y":-1.0053096491487334,"_z":0,"_order":"XYZ"},"world_direction":{"x":0.8443279255020149,"y":0,"z":-0.535826794978997}}}