{"info":{"comparison_page":1,"comparison_id":5,"start_time":"Sun Feb 24 2019 21:13:51 GMT+0900 (한국 표준시)","end_time":"Sun Feb 24 2019 21:18:56 GMT+0900 (한국 표준시)","consumed_time":304.662},"selection":{"cell_picked":"cell_73_Cell","cell_name":"cell_73_Cell","position":{"x":-5.799999237060547,"y":1.6,"z":4.970001220703125},"rotation":{"_x":0,"_y":-0.8168140899333459,"_z":0,"_order":"XYZ"},"world_direction":{"x":0.7289686274214113,"y":0,"z":-0.6845471059286892}}}