{"info":{"comparison_page":3,"comparison_id":5,"start_time":"Sun Feb 24 2019 21:40:19 GMT+0900 (한국 표준시)","end_time":"Sun Feb 24 2019 21:41:31 GMT+0900 (한국 표준시)","consumed_time":72.423},"selection":{"cell_picked":"furniture_4_Cell","cell_name":"furniture_4_Cell","position":{"x":-2.438322067260742,"y":1.6,"z":0.9652004241943359},"rotation":{"_x":0,"_y":1.0053096491487334,"_z":0,"_order":"XYZ"},"world_direction":{"x":-0.8443279255020149,"y":0,"z":-0.535826794978997}}}