{"info":{"comparison_page":1,"comparison_id":7,"start_time":"Sun Feb 24 2019 21:28:03 GMT+0900 (한국 표준시)","end_time":"Sun Feb 24 2019 21:30:30 GMT+0900 (한국 표준시)","consumed_time":146.461},"selection":{"cell_picked":"Empty_196_Cell","cell_name":"Empty_196_Cell","position":{"x":-2.539754867553711,"y":1.6,"z":6.4498748779296875},"rotation":{"_x":0,"_y":4.272566008882121,"_z":0,"_order":"XYZ"},"world_direction":{"x":0.9048270524660205,"y":0,"z":0.42577929156507066}}}