{"info":{"comparison_page":1,"comparison_id":5,"start_time":"Sun Feb 24 2019 21:44:56 GMT+0900 (한국 표준시)","end_time":"Sun Feb 24 2019 21:45:57 GMT+0900 (한국 표준시)","consumed_time":60.553},"selection":{"cell_picked":"Empty_32_Cell","cell_name":"Empty_32_Cell","position":{"x":0.011340756480880386,"y":1.6,"z":-3.3196318470211112},"rotation":{"_x":0,"_y":3.8327430373795512,"_z":0,"_order":"XYZ"},"world_direction":{"x":0.6374239897486924,"y":0,"z":0.770513242775787}}}