{
  "info": {
    "comparison_page": 3,
    "comparison_id": 3,
    "start_time": "Sun Feb 24 2019 21:40:19 GMT+0900 (한국 표준시)",
    "end_time": "Sun Feb 24 2019 21:41:12 GMT+0900 (한국 표준시)",
    "consumed_time": 53.069
  },
  "selection": {
    "cell_picked": "cell_58_Cell",
    "cell_name": "cell_58_Cell",
    "position": {
      "x": -4.956701740943247,
      "y": 1.6,
      "z": 1.476534087763057
    },
    "rotation": {
      "_x": 0,
      "_y": 1.445132620651305,
      "_z": 0,
      "_order": "XYZ"
    },
    "world_direction": {
      "x": -0.9921147013144779,
      "y": 0,
      "z": -0.12533323356430404
    }
  }
}