{"info":{"comparison_page":2,"comparison_id":5,"start_time":"Sun Feb 24 2019 21:20:37 GMT+0900 (한국 표준시)","end_time":"Sun Feb 24 2019 21:22:20 GMT+0900 (한국 표준시)","consumed_time":103.059},"selection":{"cell_picked":"Empty_35_Cell","cell_name":"Empty_35_Cell","position":{"x":1.3800010681152344,"y":1.6,"z":1.8999996185302734},"rotation":{"_x":0,"_y":0.5026548245743669,"_z":0,"_order":"XYZ"},"world_direction":{"x":-0.48175367410171527,"y":0,"z":-0.8763066800438638}}}