{"info":{"comparison_page":1,"comparison_id":5,"start_time":"Sun Feb 24 2019 21:35:29 GMT+0900 (한국 표준시)","end_time":"Sun Feb 24 2019 21:36:57 GMT+0900 (한국 표준시)","consumed_time":88.322},"selection":{"cell_picked":"cell_40_Cell","cell_name":"cell_40_Cell","position":{"x":-3.3999996185302734,"y":1.6,"z":4.370000839233398},"rotation":{"_x":0,"_y":4.838052686528281,"_z":0,"_order":"XYZ"},"world_direction":{"x":0.9921147013144782,"y":0,"z":-0.12533323356430354}}}