{
  "info": {
    "comparison_page": 5,
    "comparison_id": 2,
    "start_time": "Sun Feb 24 2019 21:44:56 GMT+0900 (한국 표준시)",
    "end_time": "Sun Feb 24 2019 21:45:20 GMT+0900 (한국 표준시)",
    "consumed_time": 24.308
  },
  "selection": {
    "cell_picked": "Empty_82_Cell",
    "cell_name": "Empty_82_Cell",
    "position": {
      "x": -1.1699981689453125,
      "y": 1.6,
      "z": -4.200000762939453
    },
    "rotation": {
      "_x": 0,
      "_y": 1.3823007675795094,
      "_z": 0,
      "_order": "XYZ"
    },
    "world_direction": {
      "x": -0.9822872507286888,
      "y": 0,
      "z": -0.18738131458572432
    }
  }
}