{"info":{"comparison_page":2,"comparison_id":8,"start_time":"Sun Feb 24 2019 21:38:00 GMT+0900 (한국 표준시)","end_time":"Sun Feb 24 2019 21:39:50 GMT+0900 (한국 표준시)","consumed_time":109.746},"selection":{"cell_picked":"Empty_61_Cell","cell_name":"Empty_61_Cell","position":{"x":4.979999542236328,"y":1.6,"z":0.10000038146972656},"rotation":{"_x":0,"_y":-4.461061568097508,"_z":0,"_order":"XYZ"},"world_direction":{"x":-0.9685831611286315,"y":0,"z":0.24868988716485346}}}