{"info":{"comparison_page":1,"comparison_id":8,"start_time":"Sun Feb 24 2019 21:13:51 GMT+0900 (한국 표준시)","end_time":"Sun Feb 24 2019 21:20:00 GMT+0900 (한국 표준시)","consumed_time":369.087},"selection":{"cell_picked":"furniture_0_Cell","cell_name":"furniture_0_Cell","position":{"x":-4.121980667114258,"y":1.6,"z":2.6082305908203125},"rotation":{"_x":0,"_y":-1.1102230246251565e-16,"_z":0,"_order":"XYZ"},"world_direction":{"x":1.1102230246251565e-16,"y":0,"z":-1}}}