{"info":{"comparison_page":2,"comparison_id":3,"start_time":"Sun Feb 24 2019 21:38:00 GMT+0900 (한국 표준시)","end_time":"Sun Feb 24 2019 21:38:37 GMT+0900 (한국 표준시)","consumed_time":37.309},"selection":{"cell_picked":"Empty_53_Cell","cell_name":"Empty_53_Cell","position":{"x":4.380001068115234,"y":1.6,"z":0.7000007629394531},"rotation":{"_x":0,"_y":-0.1884955592153875,"_z":0,"_order":"XYZ"},"world_direction":{"x":0.1873813145857245,"y":0,"z":-0.9822872507286886}}}