{"info":{"comparison_page":1,"comparison_id":4,"start_time":"Sat Feb 23 2019 18:59:33 GMT+0900 (대한민국 표준시)","end_time":"Sat Feb 23 2019 19:04:11 GMT+0900 (대한민국 표준시)","consumed_time":278.583},"selection":{"cell_picked":"cell_10_Cell","cell_name":"cell_10_Cell","position":{"x":-0.39999961853027344,"y":1.6,"z":1.3700008392333984},"rotation":{"_x":0,"_y":-0.6911503837897545,"_z":0,"_order":"XYZ"},"world_direction":{"x":0.6374239897486899,"y":0,"z":-0.7705132427757896}}}