{"info":{"comparison_page":1,"comparison_id":3,"start_time":"Fri Feb 22 2019 17:46:41 GMT+0900 (한국 표준시)","end_time":"Fri Feb 22 2019 17:48:27 GMT+0900 (한국 표준시)","consumed_time":106.045},"selection":{"cell_picked":"cell_29_Cell","cell_name":"cell_29_Cell","position":{"x":-2.1999988555908203,"y":1.6,"z":3.770000457763672},"rotation":{"_x":0,"_y":-4.084070449666735,"_z":0,"_order":"XYZ"},"world_direction":{"x":-0.8090169943749494,"y":0,"z":0.5877852522924707}}}