{"info":{"comparison_page":3,"comparison_id":10,"start_time":"Sun Feb 24 2019 17:07:17 GMT+0900 (KST)","end_time":"Sun Feb 24 2019 17:11:47 GMT+0900 (KST)","consumed_time":269.82},"selection":{"cell_picked":"cell_18_Cell","cell_name":"cell_18_Cell","position":{"x":-1.1386473657833027,"y":1.6,"z":1.7369571826613046},"rotation":{"_x":0,"_y":21.991148575128456,"_z":0,"_order":"XYZ"},"world_direction":{"x":-9.678052208701667e-14,"y":0,"z":1}}}