{"info":{"comparison_page":1,"comparison_id":8,"start_time":"Sun Feb 24 2019 17:22:57 GMT+0900 (KST)","end_time":"Sun Feb 24 2019 17:27:22 GMT+0900 (KST)","consumed_time":264.761},"selection":{"cell_picked":"Empty_0_Cell","cell_name":"Empty_0_Cell","position":{"x":-2.5879503663542662,"y":1.6,"z":0.7109128659742758},"rotation":{"_x":0,"_y":18.5982285092515,"_z":0,"_order":"XYZ"},"world_direction":{"x":0.24868988716492982,"y":0,"z":-0.9685831611286119}}}