{"info":{"comparison_page":3,"comparison_id":1,"start_time":"Sat Feb 23 2019 19:24:39 GMT+0900 (KST)","end_time":"Sat Feb 23 2019 19:27:04 GMT+0900 (KST)","consumed_time":145.452},"selection":{"cell_picked":"furniture_14_Cell","cell_name":"furniture_14_Cell","position":{"x":0.33148584303489714,"y":1.6,"z":3.4510285238699474},"rotation":{"_x":0,"_y":2.2619467105846525,"_z":0,"_order":"XYZ"},"world_direction":{"x":-0.7705132427757886,"y":0,"z":0.6374239897486906}}}