{"info":{"comparison_page":3,"comparison_id":5,"start_time":"Sat Feb 23 2019 19:24:39 GMT+0900 (KST)","end_time":"Sat Feb 23 2019 19:30:39 GMT+0900 (KST)","consumed_time":360.544},"selection":{"cell_picked":"furniture_16_Cell","cell_name":"furniture_16_Cell","position":{"x":-3.521244093635609,"y":1.6,"z":1.1392832642676103},"rotation":{"_x":0,"_y":-1.507964473723101,"_z":0,"_order":"XYZ"},"world_direction":{"x":0.9980267284282716,"y":0,"z":-0.06279051952931314}}}