{"info":{"comparison_page":2,"comparison_id":4,"start_time":"Sun Feb 24 2019 17:01:13 GMT+0900 (KST)","end_time":"Sun Feb 24 2019 17:04:41 GMT+0900 (KST)","consumed_time":208.36},"selection":{"cell_picked":"Empty_42_Cell","cell_name":"Empty_42_Cell","position":{"x":1.9327308654158593,"y":1.6,"z":1.5063739009884385},"rotation":{"_x":0,"_y":7.099999397112919,"_z":0,"_order":"XYZ"},"world_direction":{"x":-0.7289686274214021,"y":0,"z":-0.6845471059286988}}}