{"info":{"comparison_page":1,"comparison_id":5,"start_time":"Sat Feb 23 2019 19:01:07 GMT+0900 (KST)","end_time":"Sat Feb 23 2019 19:11:53 GMT+0900 (KST)","consumed_time":645.994},"selection":{"cell_picked":"cell_44_Cell","cell_name":"cell_44_Cell","position":{"x":-4.25466174425181,"y":1.6,"z":4.001345521600591},"rotation":{"_x":0,"_y":4.398229715025712,"_z":0,"_order":"XYZ"},"world_direction":{"x":0.951056516295154,"y":0,"z":0.3090169943749461}}}