{"info":{"comparison_page":2,"comparison_id":1,"start_time":"Sat Feb 23 2019 19:06:53 GMT+0900 (대한민국 표준시)","end_time":"Sat Feb 23 2019 19:07:33 GMT+0900 (대한민국 표준시)","consumed_time":40.759},"selection":{"cell_picked":"Empty_33_Cell","cell_name":"Empty_33_Cell","position":{"x":1.3800010681152344,"y":1.6,"z":3.1000003814697266},"rotation":{"_x":0,"_y":0.879645943005142,"_z":0,"_order":"XYZ"},"world_direction":{"x":-0.7705132427757891,"y":0,"z":-0.63742398974869}}}