{"info":{"comparison_page":1,"comparison_id":1,"start_time":"Sun Feb 24 2019 16:55:12 GMT+0900 (KST)","end_time":"Sun Feb 24 2019 16:56:04 GMT+0900 (KST)","consumed_time":52.773},"selection":{"cell_picked":"cell_43_Cell","cell_name":"cell_43_Cell","position":{"x":-3.816909029626827,"y":1.6,"z":2.9352373200521686},"rotation":{"_x":0,"_y":-3.3300882128051836,"_z":0,"_order":"XYZ"},"world_direction":{"x":-0.18738131458572738,"y":0,"z":0.9822872507286879}}}