{"info":{"comparison_page":1,"comparison_id":4,"start_time":"Sun Feb 24 2019 16:55:12 GMT+0900 (KST)","end_time":"Sun Feb 24 2019 16:57:46 GMT+0900 (KST)","consumed_time":154.341},"selection":{"cell_picked":"cell_16_Cell","cell_name":"cell_16_Cell","position":{"x":-1.275321040858519,"y":1.6,"z":0.8603755315813901},"rotation":{"_x":0,"_y":5.277875658030849,"_z":0,"_order":"XYZ"},"world_direction":{"x":0.844327925502017,"y":0,"z":-0.5358267949789939}}}