{
  "info": {
    "comparison_page": 5,
    "comparison_id": 1,
    "start_time": "Sat Feb 23 2019 19:23:55 GMT+0900 (대한민국 표준시)",
    "end_time": "Sat Feb 23 2019 19:24:31 GMT+0900 (대한민국 표준시)",
    "consumed_time": 36.345
  },
  "selection": {
    "cell_picked": "Empty_89_Cell",
    "cell_name": "Empty_89_Cell",
    "position": {
      "x": -0.5699996948242188,
      "y": 1.6,
      "z": -5.910000801086426
    },
    "rotation": {
      "_x": 0,
      "_y": 2.4504422698000403,
      "_z": 0,
      "_order": "XYZ"
    },
    "world_direction": {
      "x": -0.6374239897486885,
      "y": 0,
      "z": 0.7705132427757903
    }
  }
}