{"info":{"comparison_page":1,"comparison_id":5,"start_time":"Sat Feb 23 2019 19:43:43 GMT+0900 (KST)","end_time":"Sat Feb 23 2019 19:46:53 GMT+0900 (KST)","consumed_time":190.344},"selection":{"cell_picked":"Empty_34_Cell","cell_name":"Empty_34_Cell","position":{"x":0.5461333381994672,"y":1.6,"z":1.1253490461229836},"rotation":{"_x":0,"_y":-0.37699111843077504,"_z":0,"_order":"XYZ"},"world_direction":{"x":0.3681245526846778,"y":0,"z":-0.9297764858882516}}}