{"info":{"comparison_page":2,"comparison_id":6,"start_time":"Sun Feb 24 2019 17:01:13 GMT+0900 (KST)","end_time":"Sun Feb 24 2019 17:05:11 GMT+0900 (KST)","consumed_time":238.319},"selection":{"cell_picked":"Empty_113_Cell","cell_name":"Empty_113_Cell","position":{"x":3.4491972579267705,"y":1.6,"z":-0.1614122088334591},"rotation":{"_x":0,"_y":15.645131414877108,"_z":0,"_order":"XYZ"},"world_direction":{"x":-0.06279051952937567,"y":0,"z":0.9980267284282677}}}