{"info":{"comparison_page":1,"comparison_id":8,"start_time":"Sun Feb 24 2019 16:55:12 GMT+0900 (KST)","end_time":"Sun Feb 24 2019 17:00:19 GMT+0900 (KST)","consumed_time":307.63},"selection":{"cell_picked":"cell_118_Cell","cell_name":"cell_118_Cell","position":{"x":-3.590423189980305,"y":1.6,"z":2.3903860969036357},"rotation":{"_x":0,"_y":6.785840131753941,"_z":0,"_order":"XYZ"},"world_direction":{"x":-0.4817536741017048,"y":0,"z":-0.8763066800438695}}}