{"info":{"comparison_page":1,"comparison_id":4,"start_time":"Sat Feb 23 2019 19:43:43 GMT+0900 (KST)","end_time":"Sat Feb 23 2019 19:46:46 GMT+0900 (KST)","consumed_time":183.106},"selection":{"cell_picked":"Empty_34_Cell","cell_name":"Empty_34_Cell","position":{"x":0.5461333381994672,"y":1.6,"z":1.1253490461229836},"rotation":{"_x":0,"_y":-0.7539822368615501,"_z":0,"_order":"XYZ"},"world_direction":{"x":0.6845471059286884,"y":0,"z":-0.7289686274214118}}}