{"info":{"comparison_page":1,"comparison_id":3,"start_time":"Sun Feb 24 2019 17:11:47 GMT+0900 (KST)","end_time":"Sun Feb 24 2019 17:14:31 GMT+0900 (KST)","consumed_time":164.302},"selection":{"cell_picked":"Empty_60_Cell","cell_name":"Empty_60_Cell","position":{"x":2.9045695181215687,"y":1.6,"z":5.284407177126033},"rotation":{"_x":0,"_y":2.890265241302612,"_z":0,"_order":"XYZ"},"world_direction":{"x":-0.24868988716485269,"y":0,"z":0.968583161128632}}}