{"info":{"comparison_page":1,"comparison_id":6,"start_time":"Sun Feb 24 2019 17:11:47 GMT+0900 (KST)","end_time":"Sun Feb 24 2019 17:21:13 GMT+0900 (KST)","consumed_time":565.576},"selection":{"cell_picked":"Furniture_27_Cell","cell_name":"Furniture_27_Cell","position":{"x":8.49487597427656,"y":1.6,"z":1.9210776598876573},"rotation":{"_x":0,"_y":6.283185307179577,"_z":0,"_order":"XYZ"},"world_direction":{"x":9.126713556830723e-15,"y":0,"z":-1}}}