{"info":{"comparison_page":2,"comparison_id":10,"start_time":"Sun Feb 24 2019 17:01:13 GMT+0900 (KST)","end_time":"Sun Feb 24 2019 17:07:17 GMT+0900 (KST)","consumed_time":364.221},"selection":{"cell_picked":"Furniture_11_Cell","cell_name":"Furniture_11_Cell","position":{"x":5.444221106555349,"y":1.6,"z":1.5631632147981718},"rotation":{"_x":0,"_y":14.137166941154018,"_z":0,"_order":"XYZ"},"world_direction":{"x":-1,"y":0,"z":-5.1958437552457326e-14}}}