{"info":{"comparison_page":1,"comparison_id":9,"start_time":"Sat Feb 23 2019 19:01:07 GMT+0900 (KST)","end_time":"Sat Feb 23 2019 19:15:22 GMT+0900 (KST)","consumed_time":855.41},"selection":{"cell_picked":"cell_35_Cell","cell_name":"cell_35_Cell","position":{"x":-2.768616367570588,"y":1.6,"z":4.070623286649279},"rotation":{"_x":0,"_y":9.487609813841148,"_z":0,"_order":"XYZ"},"world_direction":{"x":0.06279051952928608,"y":0,"z":0.9980267284282734}}}