{"info":{"comparison_page":1,"comparison_id":7,"start_time":"Sat Feb 23 2019 19:35:21 GMT+0900 (KST)","end_time":"Sat Feb 23 2019 19:41:51 GMT+0900 (KST)","consumed_time":390.036},"selection":{"cell_picked":"Empty_237_Cell","cell_name":"Empty_237_Cell","position":{"x":-0.10011936082336748,"y":1.6,"z":6.908970829485552},"rotation":{"_x":0,"_y":7.853981633974465,"_z":0,"_order":"XYZ"},"world_direction":{"x":-1,"y":0,"z":-1.84297022087776e-14}}}