{"info":{"comparison_page":2,"comparison_id":2,"start_time":"Sat Feb 23 2019 19:06:53 GMT+0900 (대한민국 표준시)","end_time":"Sat Feb 23 2019 19:08:01 GMT+0900 (대한민국 표준시)","consumed_time":68.384},"selection":{"cell_picked":"Empty_97_Cell","cell_name":"Empty_97_Cell","position":{"x":2.3719253540039062,"y":1.6,"z":2.5},"rotation":{"_x":0,"_y":-0.5654866776461626,"_z":0,"_order":"XYZ"},"world_direction":{"x":0.5358267949789964,"y":0,"z":-0.8443279255020154}}}