{"info":{"comparison_page":3,"comparison_id":3,"start_time":"Sat Feb 23 2019 19:24:39 GMT+0900 (KST)","end_time":"Sat Feb 23 2019 19:28:05 GMT+0900 (KST)","consumed_time":206.693},"selection":{"cell_picked":"cell_114_Cell","cell_name":"cell_114_Cell","position":{"x":-4.75551856467069,"y":1.6,"z":2.0577344841981358},"rotation":{"_x":0,"_y":1.570796326794897,"_z":0,"_order":"XYZ"},"world_direction":{"x":-1,"y":0,"z":4.440892098500626e-16}}}