{"info":{"comparison_page":2,"comparison_id":7,"start_time":"Sat Feb 23 2019 19:06:53 GMT+0900 (대한민국 표준시)","end_time":"Sat Feb 23 2019 19:10:55 GMT+0900 (대한민국 표준시)","consumed_time":242.845},"selection":{"cell_picked":"Empty_41_Cell","cell_name":"Empty_41_Cell","position":{"x":1.9799995422363281,"y":1.6,"z":1.8999996185302734},"rotation":{"_x":0,"_y":-0.6283185307179586,"_z":0,"_order":"XYZ"},"world_direction":{"x":0.5877852522924731,"y":0,"z":-0.8090169943749476}}}