{"info":{"comparison_page":3,"comparison_id":9,"start_time":"Sun Feb 24 2019 17:07:17 GMT+0900 (KST)","end_time":"Sun Feb 24 2019 17:11:36 GMT+0900 (KST)","consumed_time":259.098},"selection":{"cell_picked":"cell_12_Cell","cell_name":"cell_12_Cell","position":{"x":-0.40953396702440736,"y":1.6,"z":2.603319171725132},"rotation":{"_x":0,"_y":19.603538158400227,"_z":0,"_order":"XYZ"},"world_direction":{"x":-0.6845471059286281,"y":0,"z":-0.7289686274214685}}}