{
  "info": {
    "comparison_page": 4,
    "comparison_id": 4,
    "start_time": "Sat Feb 23 2019 19:35:21 GMT+0900 (KST)",
    "end_time": "Sat Feb 23 2019 19:40:10 GMT+0900 (KST)",
    "consumed_time": 288.973
  },
  "selection": {
    "cell_picked": "Furniture_11_Cell",
    "cell_name": "Furniture_11_Cell",
    "position": {
      "x": -1.4471538418696472,
      "y": 1.6,
      "z": 3.275878763430759
    },
    "rotation": {
      "_x": 0,
      "_y": 9.299114254625762,
      "_z": 0,
      "_order": "XYZ"
    },
    "world_direction": {
      "x": -0.12533323356433035,
      "y": 0,
      "z": 0.9921147013144745
    }
  }
}