{"info":{"comparison_page":3,"comparison_id":7,"start_time":"Sun Feb 24 2019 17:07:17 GMT+0900 (KST)","end_time":"Sun Feb 24 2019 17:10:39 GMT+0900 (KST)","consumed_time":201.807},"selection":{"cell_picked":"cell_117_Cell","cell_name":"cell_117_Cell","position":{"x":-2.323848443359712,"y":1.6,"z":2.7553047262732493},"rotation":{"_x":0,"_y":15.64513141487711,"_z":0,"_order":"XYZ"},"world_direction":{"x":-0.0627905195293739,"y":0,"z":0.9980267284282678}}}