{"info":{"comparison_page":2,"comparison_id":5,"start_time":"Sun Feb 24 2019 17:01:13 GMT+0900 (KST)","end_time":"Sun Feb 24 2019 17:04:53 GMT+0900 (KST)","consumed_time":220.913},"selection":{"cell_picked":"Empty_36_Cell","cell_name":"Empty_36_Cell","position":{"x":1.4713102850804098,"y":1.6,"z":1.132353413327623},"rotation":{"_x":0,"_y":6.974335690969328,"_z":0,"_order":"XYZ"},"world_direction":{"x":-0.6374239897486798,"y":0,"z":-0.7705132427757972}}}