{"info":{"comparison_page":2,"comparison_id":5,"start_time":"Sat Feb 23 2019 19:06:53 GMT+0900 (대한민국 표준시)","end_time":"Sat Feb 23 2019 19:10:26 GMT+0900 (대한민국 표준시)","consumed_time":213.779},"selection":{"cell_picked":"Empty_29_Cell","cell_name":"Empty_29_Cell","position":{"x":0.7800006866455078,"y":1.6,"z":1.2999992370605469},"rotation":{"_x":0,"_y":2.1362830044410606,"_z":0,"_order":"XYZ"},"world_direction":{"x":-0.8443279255020143,"y":0,"z":0.5358267949789979}}}