{
  "info": {
    "comparison_page": 4,
    "comparison_id": 4,
    "start_time": "Sun Feb 24 2019 17:11:47 GMT+0900 (KST)",
    "end_time": "Sun Feb 24 2019 17:15:13 GMT+0900 (KST)",
    "consumed_time": 205.555
  },
  "selection": {
    "cell_picked": "Furniture_11_Cell",
    "cell_name": "Furniture_11_Cell",
    "position": {
      "x": -1.7589575741207126,
      "y": 1.6,
      "z": 3.0990788465106918
    },
    "rotation": {
      "_x": 0,
      "_y": 3.141592653589796,
      "_z": 0,
      "_order": "XYZ"
    },
    "world_direction": {
      "x": 2.5420705791856405e-15,
      "y": 0,
      "z": 1
    }
  }
}