{
  "info": {
    "comparison_page": 4,
    "comparison_id": 2,
    "start_time": "Sat Feb 23 2019 19:15:39 GMT+0900 (대한민국 표준시)",
    "end_time": "Sat Feb 23 2019 19:21:11 GMT+0900 (대한민국 표준시)",
    "consumed_time": 332.273
  },
  "selection": {
    "cell_picked": "Empty_183_Cell",
    "cell_name": "Empty_183_Cell",
    "position": {
      "x": 0.9625320434570312,
      "y": 1.6,
      "z": 5.919931411743164
    },
    "rotation": {
      "_x": 0,
      "_y": -4.084070449666735,
      "_z": 0,
      "_order": "XYZ"
    },
    "world_direction": {
      "x": -0.8090169943749494,
      "y": 0,
      "z": 0.5877852522924707
    }
  }
}