{"info":{"comparison_page":2,"comparison_id":1,"start_time":"Sat Feb 23 2019 19:17:23 GMT+0900 (KST)","end_time":"Sat Feb 23 2019 19:18:00 GMT+0900 (KST)","consumed_time":37.218},"selection":{"cell_picked":"Empty_26_Cell","cell_name":"Empty_26_Cell","position":{"x":0.7800006866455078,"y":1.6,"z":3.1000003814697266},"rotation":{"_x":0,"_y":-1.0053096491487337,"_z":0,"_order":"XYZ"},"world_direction":{"x":0.8443279255020151,"y":0,"z":-0.5358267949789964}}}