{"info":{"comparison_page":1,"comparison_id":10,"start_time":"Sat Feb 23 2019 19:23:55 GMT+0900 (대한민국 표준시)","end_time":"Sat Feb 23 2019 19:27:56 GMT+0900 (대한민국 표준시)","consumed_time":241.465},"selection":{"cell_picked":"Furniture_8_Cell","cell_name":"Empty_136_Cell","position":{"x":-2.8567638397216797,"y":1.6,"z":-2.652456283569336},"rotation":{"_x":0,"_y":-8.105309046261647,"_z":0,"_order":"XYZ"},"world_direction":{"x":0.9685831611286361,"y":0,"z":0.2486898871648362}}}