{
  "info": {
    "comparison_page": 4,
    "comparison_id": 1,
    "start_time": "Sun Feb 24 2019 17:11:47 GMT+0900 (KST)",
    "end_time": "Sun Feb 24 2019 17:12:31 GMT+0900 (KST)",
    "consumed_time": 43.853
  },
  "selection": {
    "cell_picked": "Empty_139_Cell",
    "cell_name": "Empty_139_Cell",
    "position": {
      "x": 6.571761163596293,
      "y": 1.6,
      "z": -0.770704291588335
    },
    "rotation": {
      "_x": 0,
      "_y": 1.570796326794897,
      "_z": 0,
      "_order": "XYZ"
    },
    "world_direction": {
      "x": -1,
      "y": 0,
      "z": 4.440892098500626e-16
    }
  }
}