{"info":{"comparison_page":3,"comparison_id":9,"start_time":"Sat Feb 23 2019 19:24:39 GMT+0900 (KST)","end_time":"Sat Feb 23 2019 19:34:58 GMT+0900 (KST)","consumed_time":619.019},"selection":{"cell_picked":"cell_4_Cell","cell_name":"cell_4_Cell","position":{"x":0.45316437540283816,"y":1.6,"z":2.000181315975223},"rotation":{"_x":0,"_y":0.8168140899333461,"_z":0,"_order":"XYZ"},"world_direction":{"x":-0.7289686274214116,"y":0,"z":-0.6845471059286887}}}