{"info":{"comparison_page":2,"comparison_id":6,"start_time":"Sat Feb 23 2019 19:06:53 GMT+0900 (대한민국 표준시)","end_time":"Sat Feb 23 2019 19:10:38 GMT+0900 (대한민국 표준시)","consumed_time":225.485},"selection":{"cell_picked":"Empty_58_Cell","cell_name":"Empty_58_Cell","position":{"x":4.979999542236328,"y":1.6,"z":1.8999996185302734},"rotation":{"_x":0,"_y":0.3141592653589792,"_z":0,"_order":"XYZ"},"world_direction":{"x":-0.30901699437494734,"y":0,"z":-0.9510565162951536}}}