{"info":{"comparison_page":3,"comparison_id":5,"start_time":"Sun Feb 24 2019 17:07:17 GMT+0900 (KST)","end_time":"Sun Feb 24 2019 17:09:53 GMT+0900 (KST)","consumed_time":155.598},"selection":{"cell_picked":"furniture_16_Cell","cell_name":"furniture_16_Cell","position":{"x":-3.4422196574304884,"y":1.6,"z":1.4998111119445883},"rotation":{"_x":0,"_y":14.137166941154018,"_z":0,"_order":"XYZ"},"world_direction":{"x":-1,"y":0,"z":-5.1958437552457326e-14}}}