{"info":{"comparison_page":1,"comparison_id":10,"start_time":"Sat Feb 23 2019 19:01:07 GMT+0900 (KST)","end_time":"Sat Feb 23 2019 19:16:17 GMT+0900 (KST)","consumed_time":909.539},"selection":{"cell_picked":"furniture_14_Cell","cell_name":"furniture_14_Cell","position":{"x":-0.03971135249567338,"y":1.6,"z":3.58766593159641},"rotation":{"_x":0,"_y":15.959290680236087,"_z":0,"_order":"XYZ"},"world_direction":{"x":0.24868988716479434,"y":0,"z":0.9685831611286466}}}