{"info":{"comparison_page":3,"comparison_id":8,"start_time":"Sat Feb 23 2019 19:11:50 GMT+0900 (대한민국 표준시)","end_time":"Sat Feb 23 2019 19:15:04 GMT+0900 (대한민국 표준시)","consumed_time":194.554},"selection":{"cell_picked":"cell_66_Cell","cell_name":"cell_66_Cell","position":{"x":-5.799999237060547,"y":1.6,"z":0.7700004577636719},"rotation":{"_x":0,"_y":-9.550441666912944,"_z":0,"_order":"XYZ"},"world_direction":{"x":-0.12533323356427672,"y":0,"z":0.9921147013144811}}}