{"info":{"comparison_page":1,"comparison_id":9,"start_time":"Sat Feb 23 2019 19:23:55 GMT+0900 (대한민국 표준시)","end_time":"Sat Feb 23 2019 19:27:37 GMT+0900 (대한민국 표준시)","consumed_time":222.56},"selection":{"cell_picked":"Empty_29_Cell","cell_name":"Empty_29_Cell","position":{"x":0.030078887939453125,"y":1.6,"z":0.9773197174072266},"rotation":{"_x":0,"_y":-7.6654860747590785,"_z":0,"_order":"XYZ"},"world_direction":{"x":0.9822872507286856,"y":0,"z":-0.18738131458574098}}}