{"info":{"comparison_page":2,"comparison_id":6,"start_time":"Sat Feb 23 2019 19:17:23 GMT+0900 (KST)","end_time":"Sat Feb 23 2019 19:22:33 GMT+0900 (KST)","consumed_time":310.484},"selection":{"cell_picked":"Empty_49_Cell","cell_name":"Empty_49_Cell","position":{"x":3.780000686645508,"y":1.6,"z":0.7000007629394531},"rotation":{"_x":0,"_y":-3.078760800518,"_z":0,"_order":"XYZ"},"world_direction":{"x":0.06279051952931093,"y":0,"z":0.9980267284282718}}}