{"info":{"comparison_page":1,"comparison_id":8,"start_time":"Sun Feb 24 2019 17:11:47 GMT+0900 (KST)","end_time":"Sun Feb 24 2019 17:22:05 GMT+0900 (KST)","consumed_time":618.196},"selection":{"cell_picked":"Empty_193_Cell","cell_name":"Empty_193_Cell","position":{"x":-1.6908902934212615,"y":1.6,"z":6.0452212053530205},"rotation":{"_x":0,"_y":9.676105373056535,"_z":0,"_order":"XYZ"},"world_direction":{"x":0.24868988716482718,"y":0,"z":0.9685831611286383}}}