{
  "info": {
    "comparison_page": 5,
    "comparison_id": 1,
    "start_time": "Sun Feb 24 2019 17:22:57 GMT+0900 (KST)",
    "end_time": "Sun Feb 24 2019 17:23:49 GMT+0900 (KST)",
    "consumed_time": 52.058
  },
  "selection": {
    "cell_picked": "Empty_58_Cell",
    "cell_name": "Empty_58_Cell",
    "position": {
      "x": -0.15212682595333907,
      "y": 1.6,
      "z": 1.5401461491738315
    },
    "rotation": {
      "_x": 0,
      "_y": 6.597344572538555,
      "_z": 0,
      "_order": "XYZ"
    },
    "world_direction": {
      "x": -0.30901699437493707,
      "y": 0,
      "z": -0.9510565162951566
    }
  }
}