{"info":{"comparison_page":1,"comparison_id":10,"start_time":"Sun Feb 24 2019 16:55:12 GMT+0900 (KST)","end_time":"Sun Feb 24 2019 17:01:12 GMT+0900 (KST)","consumed_time":360.708},"selection":{"cell_picked":"cell_105_Cell","cell_name":"cell_105_Cell","position":{"x":-0.3959532102564746,"y":1.6,"z":3.165475903086141},"rotation":{"_x":0,"_y":3.3929200658769796,"_z":0,"_order":"XYZ"},"world_direction":{"x":0.24868988716485754,"y":0,"z":0.9685831611286302}}}