{
  "info": {
    "comparison_page": 4,
    "comparison_id": 6,
    "start_time": "Sat Feb 23 2019 19:35:21 GMT+0900 (KST)",
    "end_time": "Sat Feb 23 2019 19:41:23 GMT+0900 (KST)",
    "consumed_time": 362.189
  },
  "selection": {
    "cell_picked": "Furniture_27_Cell",
    "cell_name": "Furniture_27_Cell",
    "position": {
      "x": 8.977492991505173,
      "y": 1.6,
      "z": 2.052743249274867
    },
    "rotation": {
      "_x": 0,
      "_y": 7.7911497809026695,
      "_z": 0,
      "_order": "XYZ"
    },
    "world_direction": {
      "x": -0.9980267284282704,
      "y": 0,
      "z": -0.06279051952933096
    }
  }
}