{"info":{"comparison_page":2,"comparison_id":10,"start_time":"Sat Feb 23 2019 19:17:23 GMT+0900 (KST)","end_time":"Sat Feb 23 2019 19:24:38 GMT+0900 (KST)","consumed_time":435.765},"selection":{"cell_picked":"Furniture_11_Cell","cell_name":"Furniture_11_Cell","position":{"x":5.496035094378692,"y":1.6,"z":1.693106300397208},"rotation":{"_x":0,"_y":1.3194689145077134,"_z":0,"_order":"XYZ"},"world_direction":{"x":-0.9685831611286312,"y":0,"z":-0.24868988716485457}}}