{"info":{"comparison_page":3,"comparison_id":10,"start_time":"Sat Feb 23 2019 19:24:39 GMT+0900 (KST)","end_time":"Sat Feb 23 2019 19:35:21 GMT+0900 (KST)","consumed_time":642.178},"selection":{"cell_picked":"cell_10_Cell","cell_name":"cell_10_Cell","position":{"x":-0.3999996185302742,"y":1.6,"z":1.6200012207031247},"rotation":{"_x":0,"_y":3.078760800518,"_z":0,"_order":"XYZ"},"world_direction":{"x":-0.06279051952931093,"y":0,"z":0.9980267284282718}}}