{"info":{"comparison_page":1,"comparison_id":8,"start_time":"Sat Feb 23 2019 19:23:55 GMT+0900 (대한민국 표준시)","end_time":"Sat Feb 23 2019 19:27:19 GMT+0900 (대한민국 표준시)","consumed_time":204.508},"selection":{"cell_picked":"Furniture_9_Cell","cell_name":"Furniture_9_Cell","position":{"x":-3.5537548065185547,"y":1.6,"z":-0.14980697631835938},"rotation":{"_x":0,"_y":-7.037167544041123,"_z":0,"_order":"XYZ"},"world_direction":{"x":0.684547105928679,"y":0,"z":-0.7289686274214208}}}