{"info":{"comparison_page":1,"comparison_id":2,"start_time":"Sat Feb 23 2019 19:01:07 GMT+0900 (KST)","end_time":"Sat Feb 23 2019 19:06:10 GMT+0900 (KST)","consumed_time":302.677},"selection":{"cell_picked":"cell_29_Cell","cell_name":"cell_29_Cell","position":{"x":-2.1999988555908203,"y":1.6,"z":3.770000457763672},"rotation":{"_x":0,"_y":3.895574890451347,"_z":0,"_order":"XYZ"},"world_direction":{"x":0.6845471059286914,"y":0,"z":0.7289686274214092}}}