{
  "info": {
    "comparison_page": 4,
    "comparison_id": 5,
    "start_time": "Sat Feb 23 2019 19:15:39 GMT+0900 (대한민국 표준시)",
    "end_time": "Sat Feb 23 2019 19:22:19 GMT+0900 (대한민국 표준시)",
    "consumed_time": 400.577
  },
  "selection": {
    "cell_picked": "Empty_221_Cell",
    "cell_name": "Empty_221_Cell",
    "position": {
      "x": -2.489999771118164,
      "y": 1.6,
      "z": -0.8999996185302734
    },
    "rotation": {
      "_x": 0,
      "_y": -8.419468311620625,
      "_z": 0,
      "_order": "XYZ"
    },
    "world_direction": {
      "x": 0.8443279255020265,
      "y": 0,
      "z": 0.5358267949789788
    }
  }
}