{"info":{"comparison_page":1,"comparison_id":1,"start_time":"Sat Feb 23 2019 19:35:21 GMT+0900 (KST)","end_time":"Sat Feb 23 2019 19:36:05 GMT+0900 (KST)","consumed_time":43.324},"selection":{"cell_picked":"Empty_128_Cell","cell_name":"Empty_128_Cell","position":{"x":7.065673769226635,"y":1.6,"z":0.13355807178412343},"rotation":{"_x":0,"_y":1.5707963267948972,"_z":0,"_order":"XYZ"},"world_direction":{"x":-1,"y":0,"z":4.440892098500626e-16}}}