{"info":{"comparison_page":1,"comparison_id":4,"start_time":"Sat Feb 23 2019 19:15:39 GMT+0900 (대한민국 표준시)","end_time":"Sat Feb 23 2019 19:22:07 GMT+0900 (대한민국 표준시)","consumed_time":388.125},"selection":{"cell_picked":"Empty_224_Cell","cell_name":"Empty_224_Cell","position":{"x":-2.489999771118164,"y":1.6,"z":2.700000762939453},"rotation":{"_x":0,"_y":-9.550441666912944,"_z":0,"_order":"XYZ"},"world_direction":{"x":-0.12533323356427672,"y":0,"z":0.9921147013144811}}}