{"info":{"comparison_page":1,"comparison_id":6,"start_time":"Sat Feb 23 2019 18:59:33 GMT+0900 (대한민국 표준시)","end_time":"Sat Feb 23 2019 19:04:49 GMT+0900 (대한민국 표준시)","consumed_time":316.594},"selection":{"cell_picked":"cell_68_Cell","cell_name":"cell_68_Cell","position":{"x":-5.799999237060547,"y":1.6,"z":1.970001220703125},"rotation":{"_x":0,"_y":-3.3300882128051836,"_z":0,"_order":"XYZ"},"world_direction":{"x":-0.18738131458572738,"y":0,"z":0.9822872507286879}}}