{"info":{"comparison_page":1,"comparison_id":5,"start_time":"Sun Feb 24 2019 16:55:12 GMT+0900 (KST)","end_time":"Sun Feb 24 2019 16:58:17 GMT+0900 (KST)","consumed_time":185.67},"selection":{"cell_picked":"cell_108_Cell","cell_name":"cell_108_Cell","position":{"x":-1.651701355143833,"y":1.6,"z":3.2980495193130324},"rotation":{"_x":0,"_y":3.141592653589796,"_z":0,"_order":"XYZ"},"world_direction":{"x":2.5420705791856405e-15,"y":0,"z":1}}}