{"info":{"comparison_page":1,"comparison_id":9,"start_time":"Sun Feb 24 2019 16:55:12 GMT+0900 (KST)","end_time":"Sun Feb 24 2019 17:00:42 GMT+0900 (KST)","consumed_time":330.251},"selection":{"cell_picked":"cell_35_Cell","cell_name":"cell_35_Cell","position":{"x":-2.763766039554055,"y":1.6,"z":4.264700730306674},"rotation":{"_x":0,"_y":3.141592653589796,"_z":0,"_order":"XYZ"},"world_direction":{"x":2.5420705791856405e-15,"y":0,"z":1}}}