{"info":{"comparison_page":1,"comparison_id":5,"start_time":"Sun Feb 24 2019 17:22:57 GMT+0900 (KST)","end_time":"Sun Feb 24 2019 17:25:37 GMT+0900 (KST)","consumed_time":160.302},"selection":{"cell_picked":"Empty_34_Cell","cell_name":"Empty_34_Cell","position":{"x":0.3384107225383416,"y":1.6,"z":0.835763557580681},"rotation":{"_x":0,"_y":12.12654764285656,"_z":0,"_order":"XYZ"},"world_direction":{"x":0.425779291565111,"y":0,"z":-0.9048270524660014}}}