{"info":{"comparison_page":2,"comparison_id":2,"start_time":"Sun Feb 24 2019 17:01:13 GMT+0900 (KST)","end_time":"Sun Feb 24 2019 17:03:51 GMT+0900 (KST)","consumed_time":158.766},"selection":{"cell_picked":"Empty_107_Cell","cell_name":"Empty_107_Cell","position":{"x":2.9464831434767316,"y":1.6,"z":2.6012828019257195},"rotation":{"_x":0,"_y":5.780530482605213,"_z":0,"_order":"XYZ"},"world_direction":{"x":0.48175367410172076,"y":0,"z":-0.8763066800438605}}}