{"info":{"comparison_page":1,"comparison_id":2,"start_time":"Sat Feb 23 2019 18:59:33 GMT+0900 (대한민국 표준시)","end_time":"Sat Feb 23 2019 19:03:21 GMT+0900 (대한민국 표준시)","consumed_time":228},"selection":{"cell_picked":"cell_11_Cell","cell_name":"cell_11_Cell","position":{"x":-0.39999961853027344,"y":1.6,"z":1.970001220703125},"rotation":{"_x":0,"_y":2.3876104167282444,"_z":0,"_order":"XYZ"},"world_direction":{"x":-0.6845471059286876,"y":0,"z":0.7289686274214127}}}