{"info":{"comparison_page":3,"comparison_id":1,"start_time":"Sat Feb 23 2019 19:11:50 GMT+0900 (대한민국 표준시)","end_time":"Sat Feb 23 2019 19:13:08 GMT+0900 (대한민국 표준시)","consumed_time":78.147},"selection":{"cell_picked":"furniture_14_Cell","cell_name":"furniture_14_Cell","position":{"x":-0.13289451599121094,"y":1.6,"z":3.7457332611083984},"rotation":{"_x":0,"_y":-3.5814156250923674,"_z":0,"_order":"XYZ"},"world_direction":{"x":-0.42577929156507544,"y":0,"z":0.9048270524660184}}}