{"info":{"comparison_page":1,"comparison_id":10,"start_time":"Sat Feb 23 2019 18:59:33 GMT+0900 (대한민국 표준시)","end_time":"Sat Feb 23 2019 19:06:52 GMT+0900 (대한민국 표준시)","consumed_time":439.68},"selection":{"cell_picked":"cell_127_Cell","cell_name":"cell_127_Cell","position":{"x":-6.34844970703125,"y":1.6,"z":3.170001983642578},"rotation":{"_x":0,"_y":-10.43008760991808,"_z":0,"_order":"XYZ"},"world_direction":{"x":-0.8443279255019975,"y":0,"z":0.5358267949790243}}}