{"info":{"comparison_page":3,"comparison_id":3,"start_time":"Sun Feb 24 2019 17:07:17 GMT+0900 (KST)","end_time":"Sun Feb 24 2019 17:08:42 GMT+0900 (KST)","consumed_time":85.262},"selection":{"cell_picked":"cell_114_Cell","cell_name":"cell_114_Cell","position":{"x":-4.864690566269849,"y":1.6,"z":1.8953059194376458},"rotation":{"_x":0,"_y":1.570796326794897,"_z":0,"_order":"XYZ"},"world_direction":{"x":-1,"y":0,"z":4.440892098500626e-16}}}