{"info":{"comparison_page":3,"comparison_id":4,"start_time":"Sat Feb 23 2019 19:11:50 GMT+0900 (대한민국 표준시)","end_time":"Sat Feb 23 2019 19:13:58 GMT+0900 (대한민국 표준시)","consumed_time":128.504},"selection":{"cell_picked":"cell_69_Cell","cell_name":"cell_69_Cell","position":{"x":-5.799999237060547,"y":1.6,"z":2.5700016021728516},"rotation":{"_x":0,"_y":-7.351326809400101,"_z":0,"_order":"XYZ"},"world_direction":{"x":0.8763066800438561,"y":0,"z":-0.48175367410172876}}}