{"info":{"comparison_page":2,"comparison_id":9,"start_time":"Sat Feb 23 2019 19:17:23 GMT+0900 (KST)","end_time":"Sat Feb 23 2019 19:24:06 GMT+0900 (KST)","consumed_time":403.005},"selection":{"cell_picked":"Empty_37_Cell","cell_name":"Empty_37_Cell","position":{"x":1.310047564970223,"y":1.6,"z":0.6503221946214301},"rotation":{"_x":0,"_y":-0.6283185307179584,"_z":0,"_order":"XYZ"},"world_direction":{"x":0.5877852522924729,"y":0,"z":-0.8090169943749477}}}