{"info":{"comparison_page":1,"comparison_id":3,"start_time":"Sun Feb 24 2019 17:22:57 GMT+0900 (KST)","end_time":"Sun Feb 24 2019 17:24:52 GMT+0900 (KST)","consumed_time":114.607},"selection":{"cell_picked":"Empty_16_Cell","cell_name":"Empty_16_Cell","position":{"x":-1.1902185135688732,"y":1.6,"z":-2.043182010331714},"rotation":{"_x":0,"_y":7.9168134870462605,"_z":0,"_order":"XYZ"},"world_direction":{"x":-0.9980267284282729,"y":0,"z":0.06279051952929487}}}