{"info":{"comparison_page":2,"comparison_id":3,"start_time":"Sun Feb 24 2019 17:01:13 GMT+0900 (KST)","end_time":"Sun Feb 24 2019 17:04:11 GMT+0900 (KST)","consumed_time":178.087},"selection":{"cell_picked":"Empty_44_Cell","cell_name":"Empty_44_Cell","position":{"x":3.2142380267389736,"y":1.6,"z":3.4539852582578185},"rotation":{"_x":0,"_y":5.843362335677009,"_z":0,"_order":"XYZ"},"world_direction":{"x":0.4257792915650787,"y":0,"z":-0.9048270524660167}}}