{"info":{"comparison_page":1,"comparison_id":5,"start_time":"Sat Feb 23 2019 18:59:33 GMT+0900 (대한민국 표준시)","end_time":"Sat Feb 23 2019 19:04:36 GMT+0900 (대한민국 표준시)","consumed_time":303.691},"selection":{"cell_picked":"cell_63_Cell","cell_name":"cell_63_Cell","position":{"x":-5.19999885559082,"y":1.6,"z":4.370000839233398},"rotation":{"_x":0,"_y":-0.5026548245743667,"_z":0,"_order":"XYZ"},"world_direction":{"x":0.4817536741017151,"y":0,"z":-0.8763066800438638}}}