{"info":{"comparison_page":2,"comparison_id":8,"start_time":"Sat Feb 23 2019 19:17:23 GMT+0900 (KST)","end_time":"Sat Feb 23 2019 19:23:15 GMT+0900 (KST)","consumed_time":352.55},"selection":{"cell_picked":"Furniture_19_Cell","cell_name":"Furniture_19_Cell","position":{"x":5.465764999389648,"y":1.6,"z":-0.4622993469238281},"rotation":{"_x":0,"_y":-4.14690230273853,"_z":0,"_order":"XYZ"},"world_direction":{"x":-0.8443279255020166,"y":0,"z":0.5358267949789942}}}