{"info":{"comparison_page":2,"comparison_id":9,"start_time":"Sun Feb 24 2019 17:01:13 GMT+0900 (KST)","end_time":"Sun Feb 24 2019 17:06:51 GMT+0900 (KST)","consumed_time":338.691},"selection":{"cell_picked":"Empty_36_Cell","cell_name":"Empty_36_Cell","position":{"x":1.3444216850762647,"y":1.6,"z":1.0377922257766257},"rotation":{"_x":0,"_y":18.786724068466885,"_z":0,"_order":"XYZ"},"world_direction":{"x":0.06279051952939177,"y":0,"z":-0.9980267284282668}}}