{"info":{"comparison_page":3,"comparison_id":2,"start_time":"Sun Feb 24 2019 17:07:17 GMT+0900 (KST)","end_time":"Sun Feb 24 2019 17:08:30 GMT+0900 (KST)","consumed_time":73.393},"selection":{"cell_picked":"cell_108_Cell","cell_name":"cell_108_Cell","position":{"x":-1.8954507614950864,"y":1.6,"z":3.1513548295546014},"rotation":{"_x":0,"_y":4.398229715025712,"_z":0,"_order":"XYZ"},"world_direction":{"x":0.951056516295154,"y":0,"z":0.3090169943749461}}}