{"info":{"comparison_page":1,"comparison_id":6,"start_time":"Sun Feb 24 2019 17:22:57 GMT+0900 (KST)","end_time":"Sun Feb 24 2019 17:26:27 GMT+0900 (KST)","consumed_time":209.998},"selection":{"cell_picked":"Empty_82_Cell","cell_name":"Empty_82_Cell","position":{"x":-0.8710985817302461,"y":1.6,"z":-4.1146098665989355},"rotation":{"_x":0,"_y":19.477874452256636,"_z":0,"_order":"XYZ"},"world_direction":{"x":-0.5877852522924064,"y":0,"z":-0.8090169943749959}}}