{"info":{"comparison_page":1,"comparison_id":9,"start_time":"Sat Feb 23 2019 19:43:43 GMT+0900 (KST)","end_time":"Sat Feb 23 2019 19:49:18 GMT+0900 (KST)","consumed_time":335.279},"selection":{"cell_picked":"Furniture_5_Cell","cell_name":"Furniture_5_Cell","position":{"x":0.9121156372139334,"y":1.6,"z":-1.8092431885476743},"rotation":{"_x":0,"_y":4.71238898038469,"_z":0,"_order":"XYZ"},"world_direction":{"x":1,"y":0,"z":2.220446049250313e-16}}}