{
  "info": {
    "comparison_page": 4,
    "comparison_id": 5,
    "start_time": "Sun Feb 24 2019 17:11:47 GMT+0900 (KST)",
    "end_time": "Sun Feb 24 2019 17:15:55 GMT+0900 (KST)",
    "consumed_time": 247.849
  },
  "selection": {
    "cell_picked": "Empty_215_Cell",
    "cell_name": "Empty_215_Cell",
    "position": {
      "x": -1.7803698965970327,
      "y": 1.6,
      "z": -0.005965230487796055
    },
    "rotation": {
      "_x": 0,
      "_y": 4.71238898038469,
      "_z": 0,
      "_order": "XYZ"
    },
    "world_direction": {
      "x": 1,
      "y": 0,
      "z": 2.220446049250313e-16
    }
  }
}