{"info":{"comparison_page":1,"comparison_id":4,"start_time":"Sat Feb 23 2019 19:01:07 GMT+0900 (KST)","end_time":"Sat Feb 23 2019 19:11:03 GMT+0900 (KST)","consumed_time":595.615},"selection":{"cell_picked":"cell_99_Cell","cell_name":"cell_99_Cell","position":{"x":-1.2368240450161059,"y":1.6,"z":4.280616057768176},"rotation":{"_x":0,"_y":5.152211951887258,"_z":0,"_order":"XYZ"},"world_direction":{"x":0.9048270524660209,"y":0,"z":-0.42577929156507044}}}