{"info":{"comparison_page":1,"comparison_id":2,"start_time":"Sat Feb 23 2019 19:43:43 GMT+0900 (KST)","end_time":"Sat Feb 23 2019 19:45:18 GMT+0900 (KST)","consumed_time":95.151},"selection":{"cell_picked":"Empty_78_Cell","cell_name":"Empty_78_Cell","position":{"x":-1.5287976012676527,"y":1.6,"z":-3.9638716179739646},"rotation":{"_x":0,"_y":0.439822971502571,"_z":0,"_order":"XYZ"},"world_direction":{"x":-0.4257792915650726,"y":0,"z":-0.9048270524660196}}}