{"info":{"comparison_page":3,"comparison_id":7,"start_time":"Sat Feb 23 2019 19:11:50 GMT+0900 (대한민국 표준시)","end_time":"Sat Feb 23 2019 19:14:53 GMT+0900 (대한민국 표준시)","consumed_time":183.21},"selection":{"cell_picked":"cell_66_Cell","cell_name":"cell_66_Cell","position":{"x":-5.799999237060547,"y":1.6,"z":0.7700004577636719},"rotation":{"_x":0,"_y":-9.110618695410375,"_z":0,"_order":"XYZ"},"world_direction":{"x":0.30901699437497143,"y":0,"z":0.9510565162951459}}}