{"info":{"comparison_page":1,"comparison_id":7,"start_time":"Sun Feb 24 2019 16:55:12 GMT+0900 (KST)","end_time":"Sun Feb 24 2019 16:59:25 GMT+0900 (KST)","consumed_time":252.899},"selection":{"cell_picked":"cell_45_Cell","cell_name":"cell_45_Cell","position":{"x":-3.7936222774573847,"y":1.6,"z":4.167915133595477},"rotation":{"_x":0,"_y":2.701769682087224,"_z":0,"_order":"XYZ"},"world_direction":{"x":-0.4257792915650709,"y":0,"z":0.9048270524660205}}}