{"info":{"comparison_page":3,"comparison_id":4,"start_time":"Sat Feb 23 2019 19:24:39 GMT+0900 (KST)","end_time":"Sat Feb 23 2019 19:28:59 GMT+0900 (KST)","consumed_time":260.574},"selection":{"cell_picked":"cell_44_Cell","cell_name":"cell_44_Cell","position":{"x":-4.025066646712862,"y":1.6,"z":3.571577517500776},"rotation":{"_x":0,"_y":0.12566370614359162,"_z":0,"_order":"XYZ"},"world_direction":{"x":-0.12533323356430412,"y":0,"z":-0.9921147013144775}}}