{"info":{"comparison_page":2,"comparison_id":8,"start_time":"Sun Feb 24 2019 17:01:13 GMT+0900 (KST)","end_time":"Sun Feb 24 2019 17:06:31 GMT+0900 (KST)","consumed_time":318.106},"selection":{"cell_picked":"Empty_50_Cell","cell_name":"Empty_50_Cell","position":{"x":3.5560357133978395,"y":1.6,"z":-0.11897041249901574},"rotation":{"_x":0,"_y":22.179644134343842,"_z":0,"_order":"XYZ"},"world_direction":{"x":0.1873813145856285,"y":0,"z":0.9822872507287072}}}