{"info":{"comparison_page":2,"comparison_id":7,"start_time":"Sat Feb 23 2019 19:17:23 GMT+0900 (KST)","end_time":"Sat Feb 23 2019 19:22:59 GMT+0900 (KST)","consumed_time":336.638},"selection":{"cell_picked":"Empty_47_Cell","cell_name":"Empty_47_Cell","position":{"x":3.780000686645508,"y":1.6,"z":3.6990127563476562},"rotation":{"_x":0,"_y":-6.66017642561035,"_z":0,"_order":"XYZ"},"world_direction":{"x":0.3681245526846675,"y":0,"z":-0.9297764858882556}}}