{"info":{"comparison_page":3,"comparison_id":6,"start_time":"Sat Feb 23 2019 19:24:39 GMT+0900 (KST)","end_time":"Sat Feb 23 2019 19:31:34 GMT+0900 (KST)","consumed_time":414.828},"selection":{"cell_picked":"furniture_13_Cell","cell_name":"furniture_13_Cell","position":{"x":-0.19746576111622582,"y":1.6,"z":6.172366810308784},"rotation":{"_x":0,"_y":0.12566370614359185,"_z":0,"_order":"XYZ"},"world_direction":{"x":-0.12533323356430437,"y":0,"z":-0.9921147013144775}}}