{"info":{"comparison_page":1,"comparison_id":2,"start_time":"Sun Feb 24 2019 16:55:12 GMT+0900 (KST)","end_time":"Sun Feb 24 2019 16:56:16 GMT+0900 (KST)","consumed_time":64.642},"selection":{"cell_picked":"cell_33_Cell","cell_name":"cell_33_Cell","position":{"x":-3.0992302929501103,"y":1.6,"z":3.3906900957843127},"rotation":{"_x":0,"_y":4.209734155810326,"_z":0,"_order":"XYZ"},"world_direction":{"x":0.8763066800438648,"y":0,"z":0.481753674101713}}}