{"info":{"comparison_page":2,"comparison_id":3,"start_time":"Sat Feb 23 2019 19:17:23 GMT+0900 (KST)","end_time":"Sat Feb 23 2019 19:19:24 GMT+0900 (KST)","consumed_time":121.122},"selection":{"cell_picked":"Furniture_12_Cell","cell_name":"Furniture_12_Cell","position":{"x":4.060501364707635,"y":1.6,"z":1.2838638606024517},"rotation":{"_x":0,"_y":-6.848671984825737,"_z":0,"_order":"XYZ"},"world_direction":{"x":0.5358267949789862,"y":0,"z":-0.8443279255020218}}}