{"info":{"comparison_page":3,"comparison_id":4,"start_time":"Sun Feb 24 2019 17:07:17 GMT+0900 (KST)","end_time":"Sun Feb 24 2019 17:09:22 GMT+0900 (KST)","consumed_time":125.178},"selection":{"cell_picked":"cell_4_Cell","cell_name":"cell_4_Cell","position":{"x":0.11323062147275158,"y":1.6,"z":1.8867079157687472},"rotation":{"_x":0,"_y":7.728317927830874,"_z":0,"_order":"XYZ"},"world_direction":{"x":-0.9921147013144758,"y":0,"z":-0.12533323356432163}}}