{"info":{"comparison_page":2,"comparison_id":8,"start_time":"Sat Feb 23 2019 19:06:53 GMT+0900 (대한민국 표준시)","end_time":"Sat Feb 23 2019 19:11:08 GMT+0900 (대한민국 표준시)","consumed_time":255.025},"selection":{"cell_picked":"Furniture_19_Cell","cell_name":"Furniture_19_Cell","position":{"x":5.465764999389648,"y":1.6,"z":-0.4622993469238281},"rotation":{"_x":0,"_y":2.0106192982974687,"_z":0,"_order":"XYZ"},"world_direction":{"x":-0.904827052466019,"y":0,"z":0.42577929156507377}}}