{"info":{"comparison_page":1,"comparison_id":8,"start_time":"Sat Feb 23 2019 19:01:07 GMT+0900 (KST)","end_time":"Sat Feb 23 2019 19:14:20 GMT+0900 (KST)","consumed_time":793.245},"selection":{"cell_picked":"furniture_0_Cell","cell_name":"furniture_0_Cell","position":{"x":-4,"y":1.6,"z":2.5700016021728516},"rotation":{"_x":0,"_y":6.723008278682146,"_z":0,"_order":"XYZ"},"world_direction":{"x":-0.42577929156506217,"y":0,"z":-0.9048270524660247}}}