{"info":{"comparison_page":3,"comparison_id":10,"start_time":"Sat Feb 23 2019 19:11:50 GMT+0900 (대한민국 표준시)","end_time":"Sat Feb 23 2019 19:15:38 GMT+0900 (대한민국 표준시)","consumed_time":228.229},"selection":{"cell_picked":"cell_73_Cell","cell_name":"cell_73_Cell","position":{"x":-5.799999237060547,"y":1.6,"z":4.970001220703125},"rotation":{"_x":0,"_y":-7.9168134870462605,"_z":0,"_order":"XYZ"},"world_direction":{"x":0.9980267284282729,"y":0,"z":0.06279051952929515}}}