{"info":{"comparison_page":1,"comparison_id":2,"start_time":"Sat Feb 23 2019 19:23:55 GMT+0900 (대한민국 표준시)","end_time":"Sat Feb 23 2019 19:24:57 GMT+0900 (대한민국 표준시)","consumed_time":62.814},"selection":{"cell_picked":"Empty_115_Cell","cell_name":"Empty_115_Cell","position":{"x":-3.5699996948242188,"y":1.6,"z":-5.910000801086426},"rotation":{"_x":0,"_y":-2.1991148575128565,"_z":0,"_order":"XYZ"},"world_direction":{"x":0.8090169943749469,"y":0,"z":0.587785252292474}}}