{"info":{"comparison_page":3,"comparison_id":9,"start_time":"Sat Feb 23 2019 19:11:50 GMT+0900 (대한민국 표준시)","end_time":"Sat Feb 23 2019 19:15:27 GMT+0900 (대한민국 표준시)","consumed_time":216.916},"selection":{"cell_picked":"cell_59_Cell","cell_name":"cell_59_Cell","position":{"x":-5.19999885559082,"y":1.6,"z":1.970001220703125},"rotation":{"_x":0,"_y":-8.293804605477034,"_z":0,"_order":"XYZ"},"world_direction":{"x":0.9048270524660285,"y":0,"z":0.42577929156505434}}}