{"info":{"comparison_page":1,"comparison_id":6,"start_time":"Sun Feb 24 2019 16:55:12 GMT+0900 (KST)","end_time":"Sun Feb 24 2019 16:58:46 GMT+0900 (KST)","consumed_time":213.89},"selection":{"cell_picked":"cell_121_Cell","cell_name":"cell_121_Cell","position":{"x":-4.758240342341271,"y":1.6,"z":2.7673902624059035},"rotation":{"_x":0,"_y":2.701769682087224,"_z":0,"_order":"XYZ"},"world_direction":{"x":-0.4257792915650709,"y":0,"z":0.9048270524660205}}}