{"info":{"comparison_page":1,"comparison_id":1,"start_time":"Sat Feb 23 2019 18:59:33 GMT+0900 (대한민국 표준시)","end_time":"Sat Feb 23 2019 19:02:09 GMT+0900 (대한민국 표준시)","consumed_time":156.345},"selection":{"cell_picked":"cell_28_Cell","cell_name":"cell_28_Cell","position":{"x":-2.1999988555908203,"y":1.6,"z":3.170001983642578},"rotation":{"_x":0,"_y":2.3876104167282444,"_z":0,"_order":"XYZ"},"world_direction":{"x":-0.6845471059286876,"y":0,"z":0.7289686274214127}}}