{"info":{"comparison_page":2,"comparison_id":1,"start_time":"Sun Feb 24 2019 17:01:13 GMT+0900 (KST)","end_time":"Sun Feb 24 2019 17:03:33 GMT+0900 (KST)","consumed_time":140.896},"selection":{"cell_picked":"Empty_27_Cell","cell_name":"Empty_27_Cell","position":{"x":0.7235696727401009,"y":1.6,"z":2.4488182741040054},"rotation":{"_x":0,"_y":5.277875658030849,"_z":0,"_order":"XYZ"},"world_direction":{"x":0.844327925502017,"y":0,"z":-0.5358267949789939}}}