{"info":{"comparison_page":3,"comparison_id":1,"start_time":"Sun Feb 24 2019 17:07:17 GMT+0900 (KST)","end_time":"Sun Feb 24 2019 17:07:53 GMT+0900 (KST)","consumed_time":36.018},"selection":{"cell_picked":"furniture_14_Cell","cell_name":"furniture_14_Cell","position":{"x":0.19676723205425722,"y":1.6,"z":3.91696149331363},"rotation":{"_x":0,"_y":1.5079644737231013,"_z":0,"_order":"XYZ"},"world_direction":{"x":-0.9980267284282717,"y":0,"z":-0.06279051952931297}}}