{"info":{"comparison_page":3,"comparison_id":3,"start_time":"Sat Feb 23 2019 19:11:50 GMT+0900 (대한민국 표준시)","end_time":"Sat Feb 23 2019 19:13:38 GMT+0900 (대한민국 표준시)","consumed_time":107.938},"selection":{"cell_picked":"cell_70_Cell","cell_name":"cell_70_Cell","position":{"x":-5.560407749985505,"y":1.6,"z":3.4251410032400713},"rotation":{"_x":0,"_y":-5.40353936417444,"_z":0,"_order":"XYZ"},"world_direction":{"x":-0.7705132427757917,"y":0,"z":-0.6374239897486866}}}