{
  "info": {
    "comparison_page": 5,
    "comparison_id": 7,
    "start_time": "Sat Feb 23 2019 19:23:55 GMT+0900 (대한민국 표준시)",
    "end_time": "Sat Feb 23 2019 19:27:06 GMT+0900 (대한민국 표준시)",
    "consumed_time": 191.177
  },
  "selection": {
    "cell_picked": "Empty_29_Cell",
    "cell_name": "Empty_29_Cell",
    "position": {
      "x": 0.030078887939453125,
      "y": 1.6,
      "z": 0.9773197174072266
    },
    "rotation": {
      "_x": 0,
      "_y": -5.466371217246236,
      "_z": 0,
      "_order": "XYZ"
    },
    "world_direction": {
      "x": -0.7289686274214146,
      "y": 0,
      "z": -0.6845471059286856
    }
  }
}