{"info":{"comparison_page":1,"comparison_id":10,"start_time":"Sun Feb 24 2019 17:22:57 GMT+0900 (KST)","end_time":"Sun Feb 24 2019 17:28:11 GMT+0900 (KST)","consumed_time":313.593},"selection":{"cell_picked":"Empty_58_Cell","cell_name":"Empty_58_Cell","position":{"x":-0.26144563703002893,"y":1.6,"z":1.555570883867419},"rotation":{"_x":0,"_y":18.84955592153868,"_z":0,"_order":"XYZ"},"world_direction":{"x":7.889448901309943e-14,"y":0,"z":-1}}}