{"info":{"comparison_page":3,"comparison_id":6,"start_time":"Sun Feb 24 2019 17:07:17 GMT+0900 (KST)","end_time":"Sun Feb 24 2019 17:10:17 GMT+0900 (KST)","consumed_time":180.268},"selection":{"cell_picked":"furniture_13_Cell","cell_name":"furniture_13_Cell","position":{"x":-0.31300238702076016,"y":1.6,"z":6.371655529570704},"rotation":{"_x":0,"_y":12.880529879718107,"_z":0,"_order":"XYZ"},"world_direction":{"x":-0.3090169943749048,"y":0,"z":-0.9510565162951676}}}