{"info":{"comparison_page":1,"comparison_id":3,"start_time":"Sun Feb 24 2019 16:55:12 GMT+0900 (KST)","end_time":"Sun Feb 24 2019 16:57:09 GMT+0900 (KST)","consumed_time":117.787},"selection":{"cell_picked":"cell_38_Cell","cell_name":"cell_38_Cell","position":{"x":-3.3634426367468193,"y":1.6,"z":3.0783302987669727},"rotation":{"_x":0,"_y":4.335397861953917,"_z":0,"_order":"XYZ"},"world_direction":{"x":0.9297764858882521,"y":0,"z":0.3681245526846764}}}