{"info":{"comparison_page":1,"comparison_id":1,"start_time":"Sat Feb 23 2019 19:01:07 GMT+0900 (KST)","end_time":"Sat Feb 23 2019 19:05:04 GMT+0900 (KST)","consumed_time":237.479},"selection":{"cell_picked":"cell_61_Cell","cell_name":"cell_61_Cell","position":{"x":-5.19999885559082,"y":1.6,"z":3.170001983642578},"rotation":{"_x":0,"_y":3.3300882128051836,"_z":0,"_order":"XYZ"},"world_direction":{"x":0.18738131458572738,"y":0,"z":0.9822872507286879}}}