{"info":{"comparison_page":2,"comparison_id":2,"start_time":"Sat Feb 23 2019 19:17:23 GMT+0900 (KST)","end_time":"Sat Feb 23 2019 19:18:51 GMT+0900 (KST)","consumed_time":88.396},"selection":{"cell_picked":"Empty_53_Cell","cell_name":"Empty_53_Cell","position":{"x":4.370793639140122,"y":1.6,"z":0.8300767809144601},"rotation":{"_x":0,"_y":-3.958406743523143,"_z":0,"_order":"XYZ"},"world_direction":{"x":-0.7289686274214141,"y":0,"z":0.6845471059286862}}}