{"info":{"comparison_page":1,"comparison_id":3,"start_time":"Sat Feb 23 2019 19:01:07 GMT+0900 (KST)","end_time":"Sat Feb 23 2019 19:09:14 GMT+0900 (KST)","consumed_time":486.99},"selection":{"cell_picked":"cell_68_Cell","cell_name":"cell_68_Cell","position":{"x":-5.799999237060547,"y":1.6,"z":1.970001220703125},"rotation":{"_x":0,"_y":4.461061568097508,"_z":0,"_order":"XYZ"},"world_direction":{"x":0.9685831611286315,"y":0,"z":0.24868988716485346}}}