{"info":{"comparison_page":3,"comparison_id":5,"start_time":"Sat Feb 23 2019 19:11:50 GMT+0900 (대한민국 표준시)","end_time":"Sat Feb 23 2019 19:14:11 GMT+0900 (대한민국 표준시)","consumed_time":141.056},"selection":{"cell_picked":"furniture_16_Cell","cell_name":"furniture_16_Cell","position":{"x":-3.2710418701171875,"y":1.6,"z":1.6700000762939453},"rotation":{"_x":0,"_y":-6.471680866394964,"_z":0,"_order":"XYZ"},"world_direction":{"x":0.1873813145857146,"y":0,"z":-0.9822872507286905}}}