{
  "info": {
    "comparison_page": 4,
    "comparison_id": 9,
    "start_time": "Sun Feb 24 2019 17:11:47 GMT+0900 (KST)",
    "end_time": "Sun Feb 24 2019 17:22:34 GMT+0900 (KST)",
    "consumed_time": 647.021
  },
  "selection": {
    "cell_picked": "Empty_169_Cell",
    "cell_name": "Empty_169_Cell",
    "position": {
      "x": 5.094793036847671,
      "y": 1.6,
      "z": 1.8522701329781215
    },
    "rotation": {
      "_x": 0,
      "_y": 10.115928344559103,
      "_z": 0,
      "_order": "XYZ"
    },
    "world_direction": {
      "x": 0.637423989748666,
      "y": 0,
      "z": 0.770513242775809
    }
  }
}