{"info":{"comparison_page":1,"comparison_id":8,"start_time":"Sat Feb 23 2019 18:59:33 GMT+0900 (대한민국 표준시)","end_time":"Sat Feb 23 2019 19:05:29 GMT+0900 (대한민국 표준시)","consumed_time":356.683},"selection":{"cell_picked":"cell_19_Cell","cell_name":"cell_19_Cell","position":{"x":-1,"y":1.6,"z":2.5700016021728516},"rotation":{"_x":0,"_y":-6.094689747964191,"_z":0,"_order":"XYZ"},"world_direction":{"x":-0.18738131458573257,"y":0,"z":-0.982287250728687}}}