{"info":{"comparison_page":2,"comparison_id":7,"start_time":"Sun Feb 24 2019 17:01:13 GMT+0900 (KST)","end_time":"Sun Feb 24 2019 17:05:56 GMT+0900 (KST)","consumed_time":283.829},"selection":{"cell_picked":"Empty_98_Cell","cell_name":"Empty_98_Cell","position":{"x":2.6823571470228313,"y":1.6,"z":2.785334883861301},"rotation":{"_x":0,"_y":17.844246272389952,"_z":0,"_order":"XYZ"},"world_direction":{"x":0.8443279255020544,"y":0,"z":-0.5358267949789348}}}