{
  "info": {
    "comparison_page": 5,
    "comparison_id": 8,
    "start_time": "Sat Feb 23 2019 19:43:43 GMT+0900 (KST)",
    "end_time": "Sat Feb 23 2019 19:48:46 GMT+0900 (KST)",
    "consumed_time": 303.283
  },
  "selection": {
    "cell_picked": "Empty_62_Cell",
    "cell_name": "Empty_62_Cell",
    "position": {
      "x": 0.2408464631808448,
      "y": 1.6,
      "z": 1.6259054254488963
    },
    "rotation": {
      "_x": 0,
      "_y": 0.12566370614359162,
      "_z": 0,
      "_order": "XYZ"
    },
    "world_direction": {
      "x": -0.12533323356430412,
      "y": 0,
      "z": -0.9921147013144775
    }
  }
}