{
  "info": {
    "comparison_page": 4,
    "comparison_id": 2,
    "start_time": "Sun Feb 24 2019 17:11:47 GMT+0900 (KST)",
    "end_time": "Sun Feb 24 2019 17:13:05 GMT+0900 (KST)",
    "consumed_time": 78.182
  },
  "selection": {
    "cell_picked": "Empty_184_Cell",
    "cell_name": "Empty_184_Cell",
    "position": {
      "x": 0.8483199659953115,
      "y": 1.6,
      "z": 6.165330523396815
    },
    "rotation": {
      "_x": 0,
      "_y": 1.633628179866693,
      "_z": 0,
      "_order": "XYZ"
    },
    "world_direction": {
      "x": -0.9980267284282716,
      "y": 0,
      "z": 0.06279051952931375
    }
  }
}