{"info":{"comparison_page":2,"comparison_id":10,"start_time":"Sat Feb 23 2019 19:06:53 GMT+0900 (대한민국 표준시)","end_time":"Sat Feb 23 2019 19:11:49 GMT+0900 (대한민국 표준시)","consumed_time":296.942},"selection":{"cell_picked":"Empty_20_Cell","cell_name":"Empty_20_Cell","position":{"x":0.18000030517578125,"y":1.6,"z":1.2999992370605469},"rotation":{"_x":0,"_y":-1.5079644737231013,"_z":0,"_order":"XYZ"},"world_direction":{"x":0.9980267284282717,"y":0,"z":-0.06279051952931297}}}