{"info":{"comparison_page":1,"comparison_id":2,"start_time":"Sun Feb 24 2019 17:22:57 GMT+0900 (KST)","end_time":"Sun Feb 24 2019 17:24:15 GMT+0900 (KST)","consumed_time":78.215},"selection":{"cell_picked":"Empty_122_Cell","cell_name":"Empty_122_Cell","position":{"x":-3.837263640835988,"y":1.6,"z":-4.709265238195806},"rotation":{"_x":0,"_y":11.623892818282195,"_z":0,"_order":"XYZ"},"world_direction":{"x":0.8090169943749707,"y":0,"z":-0.5877852522924412}}}