{"info":{"comparison_page":1,"comparison_id":7,"start_time":"Sat Feb 23 2019 19:01:07 GMT+0900 (KST)","end_time":"Sat Feb 23 2019 19:13:29 GMT+0900 (KST)","consumed_time":742.235},"selection":{"cell_picked":"furniture_14_Cell","cell_name":"furniture_14_Cell","position":{"x":-0.13289451599121094,"y":1.6,"z":3.7457332611083984},"rotation":{"_x":0,"_y":3.015928947446204,"_z":0,"_order":"XYZ"},"world_direction":{"x":-0.1253332335643019,"y":0,"z":0.9921147013144782}}}