{"info":{"comparison_page":3,"comparison_id":6,"start_time":"Sat Feb 23 2019 19:11:50 GMT+0900 (대한민국 표준시)","end_time":"Sat Feb 23 2019 19:14:24 GMT+0900 (대한민국 표준시)","consumed_time":154.543},"selection":{"cell_picked":"cell_33_Cell","cell_name":"cell_33_Cell","position":{"x":-2.799999237060547,"y":1.6,"z":3.170001983642578},"rotation":{"_x":0,"_y":-7.476990515543692,"_z":0,"_order":"XYZ"},"world_direction":{"x":0.9297764858882456,"y":0,"z":-0.3681245526846924}}}