{
  "info": {
    "comparison_page": 4,
    "comparison_id": 3,
    "start_time": "Sat Feb 23 2019 19:15:39 GMT+0900 (대한민국 표준시)",
    "end_time": "Sat Feb 23 2019 19:21:49 GMT+0900 (대한민국 표준시)",
    "consumed_time": 370.353
  },
  "selection": {
    "cell_picked": "Empty_187_Cell",
    "cell_name": "Empty_187_Cell",
    "position": {
      "x": -0.1397552490234375,
      "y": 1.6,
      "z": 5.9211883544921875
    },
    "rotation": {
      "_x": 0,
      "_y": -9.550441666912944,
      "_z": 0,
      "_order": "XYZ"
    },
    "world_direction": {
      "x": -0.12533323356427672,
      "y": 0,
      "z": 0.9921147013144811
    }
  }
}