{"info":{"comparison_page":2,"comparison_id":9,"start_time":"Sat Feb 23 2019 19:06:53 GMT+0900 (대한민국 표준시)","end_time":"Sat Feb 23 2019 19:11:32 GMT+0900 (대한민국 표준시)","consumed_time":279.207},"selection":{"cell_picked":"Empty_29_Cell","cell_name":"Empty_29_Cell","position":{"x":0.7800006866455078,"y":1.6,"z":1.2999992370605469},"rotation":{"_x":0,"_y":-0.3141592653589794,"_z":0,"_order":"XYZ"},"world_direction":{"x":0.30901699437494756,"y":0,"z":-0.9510565162951536}}}