{"info":{"comparison_page":3,"comparison_id":8,"start_time":"Sun Feb 24 2019 17:07:17 GMT+0900 (KST)","end_time":"Sun Feb 24 2019 17:11:03 GMT+0900 (KST)","consumed_time":226.543},"selection":{"cell_picked":"cell_45_Cell","cell_name":"cell_45_Cell","position":{"x":-3.9786877381224652,"y":1.6,"z":4.629202984477249},"rotation":{"_x":0,"_y":16.90176847631302,"_z":0,"_order":"XYZ"},"world_direction":{"x":0.9297764858882264,"y":0,"z":0.3681245526847412}}}