{"info":{"comparison_page":2,"comparison_id":3,"start_time":"Sat Feb 23 2019 19:06:53 GMT+0900 (대한민국 표준시)","end_time":"Sat Feb 23 2019 19:09:42 GMT+0900 (대한민국 표준시)","consumed_time":169.231},"selection":{"cell_picked":"Empty_16_Cell","cell_name":"Empty_16_Cell","position":{"x":-0.4200000762939453,"y":1.6,"z":0.7000007629394531},"rotation":{"_x":0,"_y":0.7539822368615503,"_z":0,"_order":"XYZ"},"world_direction":{"x":-0.6845471059286886,"y":0,"z":-0.7289686274214117}}}