{"info":{"comparison_page":2,"comparison_id":5,"start_time":"Sat Feb 23 2019 19:17:23 GMT+0900 (KST)","end_time":"Sat Feb 23 2019 19:21:34 GMT+0900 (KST)","consumed_time":251.501},"selection":{"cell_picked":"Empty_30_Cell","cell_name":"Empty_30_Cell","position":{"x":0.5580834400637136,"y":1.6,"z":0.5149344189076474},"rotation":{"_x":0,"_y":-7.2884949563283055,"_z":0,"_order":"XYZ"},"world_direction":{"x":0.8443279255020071,"y":0,"z":-0.5358267949790091}}}