{"info":{"comparison_page":3,"comparison_id":7,"start_time":"Sat Feb 23 2019 19:24:39 GMT+0900 (KST)","end_time":"Sat Feb 23 2019 19:32:52 GMT+0900 (KST)","consumed_time":493.347},"selection":{"cell_picked":"cell_33_Cell","cell_name":"cell_33_Cell","position":{"x":-2.5997627453682917,"y":1.6,"z":3.1822020550964156},"rotation":{"_x":0,"_y":-3.2044245066615917,"_z":0,"_order":"XYZ"},"world_direction":{"x":-0.062790519529316,"y":0,"z":0.9980267284282716}}}