{
  "info": {
    "comparison_page": 5,
    "comparison_id": 1,
    "start_time": "Sat Feb 23 2019 19:43:43 GMT+0900 (KST)",
    "end_time": "Sat Feb 23 2019 19:44:59 GMT+0900 (KST)",
    "consumed_time": 76.621
  },
  "selection": {
    "cell_picked": "Empty_62_Cell",
    "cell_name": "Empty_62_Cell",
    "position": {
      "x": -0.018157727398756613,
      "y": 1.6,
      "z": 1.9470523722428892
    },
    "rotation": {
      "_x": 0,
      "_y": 0.1884955592153876,
      "_z": 0,
      "_order": "XYZ"
    },
    "world_direction": {
      "x": -0.1873813145857246,
      "y": 0,
      "z": -0.9822872507286886
    }
  }
}