{"info":{"comparison_page":3,"comparison_id":2,"start_time":"Sat Feb 23 2019 19:24:39 GMT+0900 (KST)","end_time":"Sat Feb 23 2019 19:27:34 GMT+0900 (KST)","consumed_time":175.394},"selection":{"cell_picked":"furniture_8_Cell","cell_name":"furniture_8_Cell","position":{"x":-0.5307538996398413,"y":1.6,"z":4.915166876311037},"rotation":{"_x":0,"_y":2.576105975943632,"_z":0,"_order":"XYZ"},"world_direction":{"x":-0.5358267949789952,"y":0,"z":0.8443279255020162}}}