{"info":{"comparison_page":3,"comparison_id":8,"start_time":"Sat Feb 23 2019 19:24:39 GMT+0900 (KST)","end_time":"Sat Feb 23 2019 19:34:08 GMT+0900 (KST)","consumed_time":568.82},"selection":{"cell_picked":"cell_72_Cell","cell_name":"cell_72_Cell","position":{"x":-5.710649509639357,"y":1.6,"z":4.30069408635492},"rotation":{"_x":0,"_y":-2.3876104167282444,"_z":0,"_order":"XYZ"},"world_direction":{"x":0.6845471059286876,"y":0,"z":0.7289686274214127}}}