{"info":{"comparison_page":1,"comparison_id":1,"start_time":"Fri Feb 22 2019 17:50:18 GMT+0900 (KST)","end_time":"Fri Feb 22 2019 17:50:26 GMT+0900 (KST)","consumed_time":8.464},"selection":{"cell_picked":"furniture_14_Cell","cell_name":"furniture_14_Cell","position":{"x":-0.06880163180825902,"y":1.6,"z":4.064529070276877},"rotation":{"_x":0,"_y":0.7539822368615502,"_z":0,"_order":"XYZ"},"world_direction":{"x":-0.6845471059286885,"y":0,"z":-0.7289686274214118}}}